file,time, ,1 - check watch,2 - cross arms,3 - scratch head,4 - sit down,5 - get up,6 - turn,7 - walk,8 - wave,9 - punch,10 - kick,11 - point,12 - pick up,13 - throw oh,14 - throw b.,15 - run,
01_01,0:00:23,,,,,,,"208 - 248,384 - 428",,,,,,,,,,
01_08,0:00:22,,,,,,,,1 - 144,,,,,,,,,
01_14,0:00:19,,,,,,,,,,,,,,,,,
02_01,0:00:03,,,,,,,,2 - 69,,,,,,,,,
02_02,0:00:02,,,,,,,,2 - 60,,,,,,,,,
02_03,0:00:01,,,,,,,,,,,,,,,,2 - 35,
02_04,0:00:04,,,,,,,,,,,,,,,,,
02_05,0:00:15,,,,,,,,,,2 - 371,,,,,,,
02_06,0:00:19,finishes early,,,,,,,,,,,,2-430,,,,
02_07,0:00:19,,,,,,,,,,,,,,,,,
02_08,0:00:12,,,,,,,,,,,,,,,,,
02_09,0:00:09,,,,,,,,,,,,,,,,,
02_10,0:00:22,,,,,,,,,,,,,1 - 264,,,,
03_01,0:00:04,,,,,,,,2 - 87,,,,,,,,,up-down
03_02,0:00:03,,,,,,,,2 - 74,,,,,,,,,up-down
05_01,0:00:05,,,,,,,,2 - 120,,,,,,,,,
05_02,0:00:09,,,,,,,,,,,,,,,,,
05_03,0:00:04,,,,,,,,,,,,,,,,,
05_04,0:00:10,,,,,,,,,,,,,,,,,
05_05,0:00:08,,,,,,,,,,,,,,,,,
05_06,0:00:07,,,,,,,,,,,,,,,,,
05_07,0:00:10,,,,,,,,,,,,,,,,,
05_08,0:00:06,,,,,,,,,,,,,,,,,
05_09,0:00:09,,,,,,,,,,,,,,,,,
05_10,0:00:07,,,,,,,,,,,,,,,,,
05_11,0:00:05,it's a dance turn,,,,,,,,,,,,,,,,
05_12,0:00:11,,,,,,,,,,,,,,,,,
05_13,0:00:09,,,,,,,,,,,,,,,,,ballet
05_14,0:00:05,,,,,,,,,,,,,,,,,
05_15,0:00:04,,,,,,,,,,,,,,,,,
05_16,0:00:04,,,,,,,,,,,,,,,,,
05_17,0:00:09,,,,,,,,,,,,,,,,,
05_18,0:00:15,,,,,,,,,,,,,,,,,
05_19,0:00:07,,,,,,,,,,,,,,,,,
05_20,0:00:09,,,,,,,,,,,,,,,,,ballet
06_01,0:00:04,,,,,,,,2 - 99,,,,,,,,,
06_02,0:00:06,,,,,,,,32 - 129,,,,,,,,,"basketball, dribble"
06_03,0:00:04,,,,,,,,2 - 106,,,,,,,,,"basketball, dribble"
06_04,0:00:03,,,,,,,,2 - 80,,,,,,,,,"basketball, dribble"
06_05,0:00:03,,,,,,,,2 - 78,,,,,,,,,"basketball, dribble"
06_06,0:00:03,,,,,,,,2 - 81,,,,,,,,,"basketball-dribble, backwards"
06_07,0:00:05,,,,,,,,20 - 113,,,,,,,,,"backwards, basketball dribbling"
06_08,0:00:03,,,,,,,,2 - 69,,,,,,,,,"basketball, dribble"
06_09,0:00:02,,,,,,,,2 - 61,,,,,,,,,"basketball, dribble"
06_10,0:00:09,,,,,,,,"1 - 44,192 - 221",,,,,,,,,"basketball, dribble"
06_11,0:00:10,,,,,,,48 - 184,"1 - 48,184 - 228",,,,,,,,,"basketball, dribble"
06_12,0:00:10,,,,,,,64 - 208,"1 - 64,208 - 243",,,,,,,,,"basketball, dribble"
06_14,0:00:04,,,,,,,,,,,,,,36 - 88,,,
06_15,0:00:05,finishes early,,,,,,,,,,,,,40-90,,,
07_01,0:00:03,,,,,,,,2 - 64,,,,,,,,,
07_02,0:00:03,,,,,,,,2 - 66,,,,,,,,,
07_03,0:00:03,,,,,,,,2 - 84,,,,,,,,,
07_04,0:00:04,,,,,,,,2 - 90,,,,,,,,,
07_05,0:00:04,,,,,,,,2 - 104,,,,,,,,,
07_06,0:00:03,,,,,,,,2 - 84,,,,,,,,,
07_07,0:00:03,,,,,,,,2 - 76,,,,,,,,,
07_08,0:00:03,,,,,,,,2 - 73,,,,,,,,,
07_09,0:00:03,,,,,,,,2 - 62,,,,,,,,,
07_10,0:00:02,,,,,,,,2 - 61,,,,,,,,,
07_11,0:00:03,,,,,,,,2 - 64,,,,,,,,,
07_12,0:00:02,,,,,,,,2 - 53,,,,,,,,,
08_01,0:00:02,,,,,,,,2 - 56,,,,,,,,,
08_02,0:00:03,,,,,,,,2 - 62,,,,,,,,,
08_03,0:00:03,,,,,,,,2 - 71,,,,,,,,,
08_04,0:00:04,,,,,,,,2 - 97,,,,,,,,,
08_05,0:00:02,,,,,,,,2 - 60,,,,,,,,,
08_06,0:00:02,,,,,,,,2 - 60,,,,,,,,,
08_07,0:00:02,,,,,,,,2 - 61,,,,,,,,,
08_08,0:00:02,,,,,,,,2 - 57,,,,,,,,,
08_09,0:00:02,,,,,,,,2 - 59,,,,,,,,,
08_10,0:00:02,,,,,,,,2 - 56,,,,,,,,,
08_11,0:00:03,,,,,,,,2 - 76,,,,,,,,,
09_01,0:00:01,,,,,,,,,,,,,,,,2 - 30,
09_02,0:00:01,,,,,,,,,,,,,,,,2 - 27,
09_03,0:00:01,,,,,,,,,,,,,,,,2 - 26,
09_04,0:00:01,,,,,,,,,,,,,,,,2 - 28,
09_05,0:00:01,,,,,,,,,,,,,,,,2 - 29,
09_06,0:00:01,,,,,,,,,,,,,,,,2 - 29,
09_07,0:00:01,,,,,,,,,,,,,,,,2 - 28,
09_08,0:00:01,,,,,,,,,,,,,,,,2 - 26,
09_09,0:00:01,,,,,,,,,,,,,,,,2 - 31,
09_10,0:00:01,,,,,,,,,,,,,,,,2 - 27,
09_11,0:00:01,,,,,,,,,,,,,,,,2 - 34,
09_12,0:00:16,,,,,,,,2 - 384,,,,,,,,,
10_01,0:00:07,,,,,,,,,,,92 - 159,,,,,,soccer
10_02,0:00:05,finishes early,,,,,,,,,,40-105,,,,,,soccer
10_03,0:00:03,,,,,,,,,,,1 - 48,,,,,,
10_04,0:00:05,starts later,,,,,,,15 - 110,,,,,,,,,
10_05,0:00:04,,,,,,,,,,,50 - 85,,,,,,
10_06,0:00:05,starts later,,,,,,,,,,32 - 112,,,,,,soccer
103_01,0:00:00,,,,,,,,,,,,,,,,,
103_02,0:00:12,,,,,,,,,,,,,,,,,"warming up, might be a kick"
103_03,0:00:04,,,,,,,,,,,,,,,,,
103_04,0:00:04,,,,,,,,,,,,,,,,,
103_05,0:00:05,,,,,,,,,,,,,,,,,
103_06,0:00:03,it's a dance turn,,,,,,,,,,,,,,,,salsa
103_07,0:00:02,,,,,,,,2 - 48,,,,,,,,,
103_08,0:00:05,,,,,,,,,,,,,,,,,
104_01,0:00:03,,,,,,,,,,,,,,,,13 - 56,
104_02,0:00:07,,,,,,,,1 - 144,,,,,,,,,
104_03,0:00:13,,,,,,,,64 - 320,,,,,,,,,
104_04,0:00:02,,,,,,,,,,,,,,,,2 - 40,
104_05,0:00:04,,,,,,,,1 - 88,,,,,,,,,
104_06,0:00:03,,,,,,,,,,,,,,,,16 - 66,
104_07,0:00:19,,,,,,,,,,,,,,,,,
104_08,0:00:03,starts later,,,,,,,,,,,,,,,20 - 63,
104_09,0:00:03,finishes early,,,,,,,,,,,,,,,2-60,
104_10,0:00:03,finishes early,,,,,,,,,,,,,,,2-55,
104_11,0:00:04,,,,,,,36 - 76,2 - 108,,,,,,,,,
104_12,0:00:03,,,,,,,,,,,,,,,,40 - 83,panic-run
104_13,0:00:05,starts later,,,,,,36 - 89,10 - 111,,,,,,,,,
104_14,0:00:06,,,,,,,,48 - 140,,,,,,,,,
104_15,0:00:02,,,,,,,,,,,,,,,,,
104_16,0:00:03,,,,,,,,,,,,,,,,20 - 64,panic run
104_17,0:00:04,,,,,,,,,,,,,,,,2 - 94,panic
104_18,0:00:06,"markers corrupted, finishes early",,,,,,,25-118,,,,,,,,,
104_19,0:00:08,,,,,,,,28 - 156,,,,,,,,,
104_20,0:00:06,,,,,,,,8 - 108,,,,,,,,,
104_21,0:00:07,,,,,,,,52 - 156,,,,,,,,,
104_22,0:00:15,turns too slightly,,,,,,,52 - 340,,,,,,,,,
104_23,0:00:15,turns too slightly,,,,,,,60 - 352,,,,,,,,,
104_24,0:00:16,,,,,,,,56 - 368,,,,,,,,,
104_25,0:00:20,,,,,,,,32 - 472,,,,,,,,,turn
104_26,0:00:09,,,,,,,,,,,,,,,,,
104_27,0:00:20,,,,,,,,32 - 452,,,,,,,,,turn
104_28,0:00:05,finishes early,,,,,,,16-95,,,,,,,,,
104_29,0:00:04,,,,,,,,1 - 68,,,,,,,,,
104_30,0:00:11,,,,,,,,48 - 248,,,,,,,,,
104_31,0:00:11,,,,,,,,52 - 256,,,,,,,,,
104_32,0:00:13,turns too slightly,,,,,,,32 - 296,,,,,,,,,
104_33,0:00:12,"starts later, finishes early",,,,,,,50-290,,,,,,,,,turn
104_34,0:00:09,,,,,,,,52 - 196,,,,,,,,,
104_35,0:00:09,,,,,,,,40 - 188,,,,,,,,,
104_36,0:00:19,,,,,,,,32 - 452,,,,,,,,,turn
104_37,0:00:01,,,,,,,,,,,,,,,,2 - 31,
104_39,0:00:27,,,,,,,,32 - 592,,,,,,,,,
104_40,0:00:25,,,,,,,,40 - 580,,,,,,,,,turn
104_41,0:00:13,,,,,,,,24 - 292,,,,,,,,,zombie
104_42,0:00:22,finishes early,,,,,,,40-500,,,,,,,,,
104_44,0:00:09,,,,,,,,52 - 192,,,,,,,,,
104_45,0:00:18,finishes early,,,,,,,32-425,,,,,,,,,
104_46,0:00:23,,,,,,,,48 - 555,,,,,,,,,
104_47,0:00:14,finishes early,,,,,,,48-310,,,,,,,,,
104_48,0:00:01,,,,,,,,,,,,,,,,2 - 25,
104_49,0:00:23,,,,,,,,48 - 520,,,,,,,,,
104_50,0:00:27,,,,,,,,36 - 624,,,,,,,,,
104_51,0:00:11,,,,,,,,36 - 252,,,,,,,,,
104_52,0:00:23,finishes early,,,,,,,48-530,,,,,,,,,
104_53,0:00:02,,,,,,,,,,,,,,,,22 - 58,
104_54,0:00:02,,,,,,,,,,,,,,,,16 - 48,
104_55,0:00:04,,,,,,,,,,,,,,,,40 - 84,
104_56,0:00:03,,,,,,,,,,,,,,,,1 - 36,
104_57,0:00:03,,,,,,,,,,,,,,,,1 - 48,
105_01,0:00:23,,,,,,,,40 - 544,,,,,,,,,
105_02,0:00:15,,,,,,,"156 - 184,296 - 320","72 - 156,208 - 296",,,,,,,,,
105_03,0:00:16,turns too slightly,,,,,,,64 - 348,,,,,,,,,
105_04,0:00:18,,,,,,,,56-402,,,,,,,,,turn
105_05,0:00:22,,,,,,,"260 - 304,488 - 532","76-260,330 - 488",,,,,,,,,
105_06,0:00:01,,,,,,,,,,,,,,,,,
105_07,0:00:21,turns too slightly,,,,,,,12 - 480,,,,,,,,,
105_10,0:00:26,walk starts late,,,,,,"312 - 360,580 - 632","65 - 312,388 - 580",,,,,,,,,
105_11,0:00:15,second turn ends early,,,,,,"180 - 208,316-360","40 - 180,224 - 348",,,,,,,,,
105_12,0:00:18,walk starts late,,,,,,"206 - 240,344 - 416","85 - 206,248 - 344",,,,,,,,,
105_13,0:00:25,,,,,,,"268 - 300,536 - 584","64 - 268,320 - 536",,,,,,,,,
105_14,0:00:23,,,,,,,"224 - 268,472 - 520","52 - 224,300 - 472",,,,,,,,,
105_15,0:00:26,Was not annotated,,,,,,"220-260, 525-560","70-230, 350-525",,,,,,,,,
105_16,0:00:16,,,,,,,"184 - 208,336 - 368","64 - 184,232 - 336",,,,,,,,,
105_17,0:00:13,,,,,,,"136 - 160,264 - 292","48 - 136,184 - 264",,,,,,,,,
105_19,0:00:16,,,,,,,"164 - 196,328 - 360","48 - 164,196 - 328",,,,,,,,,
105_20,0:00:23,Third walk starts early,,,,,,"256 - 304,464 - 500","48 - 152,156-256,315 - 464",,,,,,,,,
105_22,0:00:18,,,,,,,"184 - 220,352 - 400","68 - 184,240 - 352",,,,,,,,,
105_23,0:00:22,,,,,,,"216 - 256,460 - 520","64 - 256,276 - 432",,,,,,,,,
105_25,0:00:26,,,,,,,"300 - 356,584 - 624","56 - 300,368 - 584",,,,,,,,,
105_26,0:00:17,,,,,,,"196 - 232,368 - 415","60 - 196,232 - 368",,,,,,,,,
105_27,0:00:24,both walks end early,,,,,,"256-296,495 - 552","48-260,312-495",,,,,,,,,
105_29,0:00:18,,,,,,,"200 - 240,384 - 432","64 - 200,252 - 384",,,,,,,,,
105_30,0:00:26,,,,,,,"312 - 360,560 - 608","104 - 312,360 - 560",,,,,,,,,
105_31,0:00:17,,,,,,,"136 - 192,320 - 368","1 - 136,192 - 320",,,,,,,,,
105_33,0:00:22,walk starts late,,,,,,"236 - 264,480 - 512","50 - 236,304 - 480",,,,,,,,,
105_34,0:00:18,turn finishes early,,,,,,"212 - 256,368-423","72 - 212,256 - 368",,,,,,,,,
105_35,0:00:25,,,,,,,"292 - 336,556 - 596","52 - 292,392 - 556",,,,,,,,,
105_36,0:00:07,,,,,,,,1 - 160,,,,,,,,,
105_37,0:00:03,,,,,,,,,,,,,,,,,
105_38,0:00:04,,,,,,,,,,,,,,,,,
105_39,0:00:04,,,,,,,,,,,,,,,,,
105_40,0:00:04,,,,,,,,,,,,,,,,,
105_41,0:00:04,,,,,,,,,,,,,,,,,
105_42,0:00:05,,,,,,,,,,,,,,,,,
105_43,0:00:02,,,,,,,,,,,,,,,,,
105_44,0:00:03,,,,,,,,,,,,,,,,,
105_45,0:00:03,,,,,,,,,,,,,,,,,
105_46,0:00:03,,,,,,,,,,,,,,,,,
105_47,0:00:04,,,,,,,,,,,,,,,,,
105_48,0:00:04,,,,,,,,,,,,,,,,,
105_49,0:00:04,,,,,,,,,,,,,,,,,
105_50,0:00:05,,,,,,,,,,,,,,,,,
105_51,0:00:04,,,,,,,,,,,,,,,,,
105_52,0:00:04,,,,,,,,,,,,,,,,,
105_53,0:00:05,,,,,,,56 - 100,,,,,,,,,,
105_54,0:00:06,starts later,,,,,,68 - 128,,,,,,,,,,
105_55,0:00:04,,,,,,,24 - 92,,,,,,,,,,
105_56,0:00:04,,,,,,,42 - 84,,,,,,,,,,
105_57,0:00:10,,,,,,,184 - 234,40 - 172,,,,,,,,,
105_58,0:00:04,,,,,,,32 - 87,,,,,,,,,,
105_59,0:00:03,,,,,,,2 - 63,,,,,,,,,,
105_60,0:00:03,,,,,,,1 - 56,,,,,,,,,,
105_61,0:00:03,,,,,,,1 - 46,,,,,,,,,,
105_62,0:00:15,,,,,,,,16 - 356,,,,,,,,,
107_01,0:00:04,,,,,,,,1 - 72,,,,,,,,,
107_02,0:00:06,walk finishes early,,,,,,96 - 128,"20-85, 125-136",,,,,,,,,turn
107_03,0:00:04,"walk starts late, finishes early",,,,,,,15-95,,,,,,,,,turn
107_04,0:00:04,,,,,,,,20 - 85,,,,,,,,,
107_05,0:00:04,,,,,,,,20 - 84,,,,,,,,,
107_06,0:00:03,walk finishes early,,,,,,,2-65,,,,,,,,,
107_07,0:00:04,,,,,,,,"20 - 52,68 - 101",,,,,,,,,
107_08,0:00:07,walk starts late,,,,48 - 68,108 - 128,,"15 - 48,128 - 164",,,,,,,,,
107_09,0:00:05,"walk starts late, finishes early",,,,,,,15-115,,,,,,,,,
107_10,0:00:05,x,,,,,,,15-110,,,,,,,,,up-down
107_11,0:00:05,x,,,,,,,15-115,,,,,,,,,walk- duck - walk
107_12,0:00:02,x,,,,,,,15-45,,,,,,,,,
107_13,0:00:02,x,,,,,,,10-40,,,,,,,,,
107_14,0:00:04,x,,,,,,,15-70,,,,,,,,,
108_01,0:00:06,,,,,,,,32 - 120,,,,,,,,,
108_02,0:00:09,x,,,,,,,"28-80,112 - 184",,,,,,,,,
108_03,0:00:10,,,,,,,,"36 - 88,120 - 196",,,,,,,,,
108_04,0:00:01,,,,,,,,,,,,,,,,2 - 37,jog
108_05,0:00:01,,,,,,,,,,,,,,,,2 - 37,jog
108_06,0:00:02,,,,,,,,,,,,,,,,2 - 38,
108_07,0:00:02,,,,,,,,,,,,,,,,2 - 45,
108_08,0:00:02,,,,,,,,,,,,,,,,2 - 46,
108_09,0:00:02,x,,,,,,,1 - 24,,,,,,,,24-51,
108_10,0:00:02,x,,,,,,,23-48,,,,,,,,1 - 22,
108_11,0:00:02,x,,,,,,,20-49,,,,,,,,1 - 19,
108_12,0:00:01,,,,,,,,,,,,,,,,2 - 28,
108_13,0:00:01,,,,,,,,,,,,,,,,2 - 32,jog
108_14,0:00:01,,,,,,,,,,,,,,,,2 - 36,
108_15,0:00:03,,,,,,,,1 - 24,,,,,,,,56 - 69,
108_16,0:00:03,,,,,,,,1 - 24,,,,,,,,56 - 69,
108_17,0:00:02,,,,,,,,,,,,,,,,2 - 47,
108_18,0:00:02,,,,,,,,,,,,,,,,2 - 50,jump
108_19,0:00:02,,,,,,,,,,,,,,,,2 - 52,jump
108_20,0:00:02,,,,,,,,,,,,,,,,36 - 54,run
108_21,0:00:04,x,,,,,,,,,,,,,,,76-100,duck-run
108_22,0:00:04,x,,,,,,,,,,,,,,,68-93,
108_23,0:00:05,x,,,,10 - 36,104 - 120,,,,,,,,,,120-133,
108_24,0:00:04,x,,,,10 - 36,80 - 96,,,,,,,,,,96-107,
108_25,0:00:05,x,,,,10 - 36,96 - 112,,,,,,,,,,112-123,
108_26,0:00:05,x,,,,10 - 28,76 - 100,,,,,,,,,,100-111,
108_27,0:00:03,x,,,,,,,,,,,,,,,"2-20, 60 - 82",stop-run
108_28,0:00:03,x,,,,,,,,,,,,,,,"2-20, 48 - 71",stop-run
11_01,0:00:05,x,,,,,,,,,,55 - 118,,,,,,soccer
111_01,0:00:08,,,,,,,,2 - 200,,,,,,,,,backwards
111_02,0:00:03,,,,,,,,,,,,,,,,,
111_03,0:00:13,,,,,28 - 76,,,,,,,,,,,,
111_04,0:00:06,,,,,,,,,,,,,,,,,
111_05,0:00:08,,,,,,,,,,,,,,,,,
111_06,0:00:13,,,,,,160 - 260,,,,,,,,,,,
111_07,0:00:16,,,,,,276 - 372,,,,,,,,,,,
111_08,0:00:13,,,,,,192 - 268,,,,,,,,,,,
111_09,0:00:07,,,,,,48 - 112,,,,,,,,,,,
111_10,0:00:04,,,,,,1 - 51,,,,,,,,,,,
111_11,0:00:05,,,,,,1 - 88,,,,,,,,,,,
111_12,0:00:13,,,,,1 - 96,,,,,,,,,,,,
111_13,0:00:11,x,,,,,,112 - 136,"20 - 112,136 - 255",,,,,,,,,
111_14,0:00:11,,,,,,,104 - 140,"1 - 104,140 - 256",,,,,,,,,
111_15,0:00:02,,,,,,,,,,,,,,,,,
111_16,0:00:04,,,,,,,,,,,,,,,,,
111_17,0:00:05,,,,,,,,,,,,,2-95,,,,
111_18,0:00:04,x,,,,,,,,,,,,2-100,,,,
111_19,0:00:08,x,,,,,,,,,1-45,128 - 192,,,,,,
111_20,0:00:09,,,,,,,1 - 116,,,,,,,,,,
111_21,0:00:19,,,,,,,,,,,,,,,,,
111_23,0:00:09,,,,,,,,24 - 224,,,,,,,,,
111_24,0:00:07,,,,,,,,2 - 173,,,,,,,,,
111_25,0:00:02,,,,,,,,,,,,,,,,,
111_26,0:00:23,,,,,,,,2 - 545,,,,,,,,,side
111_27,0:00:12,,,,,,,128 - 180,"1 - 128,180 - 288",,,,,,,,,up-down
111_28,0:00:16,,,,,,,,,,,,,,,,,
111_29,0:00:05,,,,,,,,2 - 110,,,,,,,,,
111_30,0:00:04,turn overlaps with walk,,,,,,68 - 91,2-65,,,,,,,,,
111_31,0:00:19,,,,,,,"1 - 76,176 - 228,300 - 352",,,,,,,,,,
111_32,0:00:06,,,,,,,,,,,,,,,,,
111_33,0:00:17,,,,,,,,,,,,,,"32 - 60,136 - 168",360 - 392,,
111_34,0:00:15,,,,,,,,2 - 368,,,,,,,,,
111_35,0:00:12,,,,,,,,2 - 301,,,,,,,,,
111_36,0:00:12,x,,,,,,140 - 176,"2-139, 177- 294",,,,,,,,,
111_37,0:00:03,,,,,,,,,2 - 65,,,,,,,,
111_38,0:00:22,,,,,,,,,,,,,,,,,
111_40,0:00:03,,,,,,,,,,,,,,,,,
113_01,0:00:07,x,,,,,,,2-150,,,,,,,,,backwards
113_02,0:00:04,,,,,,,,,,,,,,,,,
113_03,0:00:04,,,,,,,,,,,,,,,,,
113_04,0:00:08,,,,,,,,,,,,,,,,,
113_05,0:00:22,,,,,,,,2 - 533,,,,,,,,,turn
113_06,0:00:17,,,,,,,,1 - 388,,,,,,,,,
113_07,0:00:05,,,,,,,,,,,,,,,,1 - 100,
113_08,0:00:15,,,,,1 - 76,280 - 340,,,,,,,,,,,
113_09,0:00:10,,,,,,,108 - 136,2 - 240,,,,,,,,,
113_10,0:00:11,,,,,,,,2 - 267,,,,,,,,,
113_11,0:00:02,,,,,,,,,,,,,,,,,
113_12,0:00:03,,,,,,,,,,,,,,,,,
113_13,0:00:11,,,,,,,,,,"12 - 64,96 - 164",180 - 228,,,,,,
113_14,0:00:08,,,,,120 - 176,,,,,,,,,,,,
113_15,0:00:08,,,,,12 - 80,100 - 152,,,,,,,,,,,
113_16,0:00:06,,,,,,,,,,,,,,,,,
113_17,0:00:15,,,,,,,,2 - 371,,,,,,,,,sideways
113_18,0:00:18,,,,,,,,2 - 440,,,,,,,,,side
113_19,0:00:07,,,,,,,56 - 88,"1 - 60,88 - 159",,,,,,,,,
113_20,0:00:12,,,,,,,124 - 160,"16 - 124,160 - 264",,,,,,,,,
113_21,0:00:11,,,,,,,,,,,,,,,,,
113_22,0:00:10,,,,,,,100 - 132,"16 - 100,132 - 224",,,,,,,,,
113_23,0:00:08,,,,,,,,,,,,,,,,,
113_24,0:00:09,,,,,,,,,,,,,,"48 - 80,148 - 180",,,football
113_25,0:00:06,,,,,,,,2 - 138,,,,,,,,,
113_26,0:00:11,,,,,,,,2 - 264,,,,,,,,,turn
113_27,0:00:03,,,,,,,,,2 - 72,,,,,,,,
114_01,0:00:03,,,,,,,,,,,,,,,,,
114_02,0:00:14,,,,,,200 - 264,,,,,,,,,,,
114_04,0:00:07,,,,,,1 - 64,96 - 132,,,,,,,,,,
114_05,0:00:23,,,,,376 - 456,"304 - 376,456 - 512",,,,,,,,,,,
114_06,0:00:08,,,,,,56 - 128,,144 - 203,,,,,,,,,
114_07,0:00:13,,,,,,,148 - 180,"1 - 148,180 - 308",,,,,,,,,
114_08,0:00:13,,,,,,,"128 - 168,300 - 320","1 - 128,168 - 300",,,,,,,,,
114_09,0:00:19,,,,,,,"216 - 256,416 - 454","48 - 216,252 - 416",,,,,,,,,
114_12,0:00:09,,,,,,,,,,,,,,,,,
114_13,0:00:26,,,,,,,"88 - 132,240 - 280,384 - 424,536 - 576","1 - 88,132 - 240,280 - 384,424 - 536,576 - 624",,,,,,,,,
114_15,0:00:11,,,,,,,,2 - 277,,,,,,,,,turn
114_16,0:00:14,,,,,60 - 176,,,1 - 60,,,,,,,,,floor
115_01,0:00:04,,,,,,,,,,,,,2 - 94,,,,
115_02,0:00:03,,,,,,,,,,,,,2 - 81,,,,
115_03,0:00:04,,,,,,,,,,,,,2 - 91,,,,
115_04,0:00:03,,,,,,,,,,,,,2 - 77,,,,
115_05,0:00:05,,,,,,,,,,,,,2 - 118,,,,
115_06,0:00:03,,,,,,,,,,,,,2 - 72,,,,
115_07,0:00:03,,,,,,,,,,,,,2 - 84,,,,
115_08,0:00:04,,,,,,,,,,,,,2 - 98,,,,
115_09,0:00:03,,,,,,,,,,,,,2 - 80,,,,
115_10,0:00:03,,,,,,,,,,,,,2 - 74,,,,
118_01,0:00:06,,,,,,,,,,,,,,,,,
118_02,0:00:06,,,,,,,,,,,,,,,,,
118_03,0:00:04,,,,,,,,,,,,,,,,,
118_04,0:00:05,,,,,,,,,,,,,,,,,
118_05,0:00:06,,,,,,,,,,,,,,,,,
118_06,0:00:04,,,,,,,,,,,,,,,,,
118_07,0:00:06,,,,,,,,,,,,,,,,,
118_08,0:00:05,,,,,,,,,,,,,,,,,
118_09,0:00:04,,,,,,,,,,,,,,,,,
118_10,0:00:04,,,,,,,,,,,,,,,,,
118_11,0:00:06,,,,,,,,,,,,,,,,,
118_12,0:00:06,,,,,,,,,,,,,,,,,
118_13,0:00:06,,,,,,,,,,,,,,,,,
118_14,0:00:06,,,,,,,,,,,,,,,,,
118_15,0:00:05,,,,,,,,,,,,,,,,,
118_16,0:00:05,,,,,,,,,,,,,,,,,
118_17,0:00:05,,,,,,,,,,,,,,,,,
118_18,0:00:05,,,,,,,,,,,,,,,,,
118_19,0:00:05,,,,,,,,,,,,,,,,,
118_20,0:00:05,,,,,,,,,,,,,,,,,
118_21,0:00:06,,,,,,,,,,,,,,,,,
118_22,0:00:05,,,,,,,,,,,,,,,,,
118_23,0:00:05,,,,,,,,,,,,,,,,,
118_24,0:00:06,,,,,,,,,,,,,,,,,
118_25,0:00:05,,,,,,,,,,,,,,,,,
118_26,0:00:05,,,,,,,,,,,,,,,,,
118_27,0:00:05,,,,,,,,,,,,,,,,,
118_28,0:00:06,,,,,,,,,,,,,,,,,
118_29,0:00:05,,,,,,,,,,,,,,,,,
118_30,0:00:07,,,,,,,,,,,,,,,,,
118_31,0:00:02,,,,,,,,,,,,,,,,,
118_32,0:00:16,,,,,,,,,,,,,,,,,
12_01,0:00:04,,,,,,,,2 - 105,,,,,,,,,
12_02,0:00:06,,,,,,,,2 - 135,,,,,,,,,
12_03,0:00:05,,,,,,,,2 - 114,,,,,,,,,
120_01,0:00:10,,,,,,,,"40 - 136,152 - 232",,,,,,,,,
120_02,0:00:12,,,,,,,,,,,,,,,,,
120_03,0:00:13,,,,,,,,,,,,,,,,,
120_05,0:00:11,,,,,,,,,,,,,,,,,
120_06,0:00:12,,,,,,,,,,,,,,,,,
120_07,0:00:09,,,,,,,,,,,,,,,,,
120_08,0:00:10,,,,,,,,24 - 220,,,,,,,,,
120_09,0:00:11,,,,,,,,36 - 254,,,,,,,,,
120_10,0:00:10,,,,,,,,36 - 244,,,,,,,,,
120_11,0:00:10,,,,,,,,24 - 240,,,,,,,,,
120_12,0:00:09,,,,,,,,2 - 210,,,,,,,,,
120_13,0:00:08,,,,,,,,2 - 201,,,,,,,,,
120_14,0:00:11,,,,,,,,36 - 212,,,,,,,,,
120_15,0:00:12,,,,,,,184 - 200,80 - 140,,,,,,,,200 - 264,panic
120_16,0:00:13,,,,,,,"132 - 160,216 - 248","32 - 92,248 - 269",,,,,,,,160 - 232,panic
120_17,0:00:10,,,,,,,,12 - 172,,,,,,,,,
120_18,0:00:11,,,,,,,,32 - 168,,,,,,,,,
120_21,0:00:26,,,,,,,,208 - 280,,,,,,,,,
120_22,0:00:11,,,,,,,,48 - 252,,,,,,,,,
122_01,0:00:05,,,,,,,,,,,,,,,,,
122_02,0:00:03,,,,,,,,,,,,,,,,,
122_03,0:00:06,,,,,,,,,,,,,,,,,
122_04,0:00:04,,,,,,,,,,,,,,,,,
122_05,0:00:04,,,,,,,,,,,,,,,,,
122_06,0:00:03,,,,,,,,,,,,,,,,,
122_07,0:00:03,,,,,,,,,,,,,,,,,
122_08,0:00:04,,,,,,,,,,,,,,,,,
122_09,0:00:04,,,,,,,,,,,,,,,,,
122_10,0:00:04,,,,,,,,,,,,,,,,,
122_11,0:00:01,,,,,,,,,,,,,,,,,
122_12,0:00:04,,,,,,,,,,,,,,,,,
122_13,0:00:04,,,,,,,,,,,,,,,,,
122_14,0:00:04,,,,,,,,,,,,,,,,,
122_15,0:00:04,,,,,,,,,,,,,,,,,
122_16,0:00:04,,,,,,,,,,,,,,,,,
122_17,0:00:04,,,,,,,,,,,,,,,,,
122_18,0:00:04,,,,,,,,,,,,,,,,,
122_19,0:00:04,,,,,,,,,,,,,,,,,
122_20,0:00:04,,,,,,,,,,,,,,,,,
122_21,0:00:04,,,,,,,,,,,,,,,,,
122_23,0:00:04,,,,,,,,,,,,,,,,,
122_24,0:00:04,,,,,,,,,,,,,,,,,
122_25,0:00:04,,,,,,,,,,,,,,,,,
122_26,0:00:04,,,,,,,,,,,,,,,,,
122_27,0:00:08,,,,,,,,32 - 184,,,,,,,,,
122_28,0:00:08,,,,,,,,20 - 172,,,,,,,,,up
122_29,0:00:08,,,,,,,,28 - 172,,,,,,,,,
122_30,0:00:08,,,,,,,,44 - 200,,,,,,,,,up
122_31,0:00:08,,,,,,,,24 - 172,,,,,,,,,up
122_32,0:00:09,,,,,,,,36 - 192,,,,,,,,,
122_33,0:00:11,,,,,,,,,,,,,,,,,
122_34,0:00:08,,,,,,,,32 - 180,,,,,,,,,
122_35,0:00:09,,,,,,,,36 - 192,,,,,,,,,
122_36,0:00:09,,,,,,,104 - 136,"36 - 116,136 - 196",,,,,,,,,
122_37,0:00:08,,,,,,,,"24 - 108,120 - 188",,,,,,,,,
122_38,0:00:08,,,,,,,,40 - 200,,,,,,,,,turn
122_39,0:00:08,,,,,,,,"28 - 120,128 - 192",,,,,,,,,
122_40,0:00:04,,,,,,,,,,,,,,,,,
122_41,0:00:04,,,,,,,,,,,,,,,,,
122_42,0:00:04,,,,,,,,,,,,,,,,,
122_43,0:00:05,,,,,,,,,,,,,,,,,
122_44,0:00:05,,,,,,,,,,,,,,,,,
122_45,0:00:04,,,,,,,,,,,,,,,,,
122_46,0:00:04,,,,,,,,,,,,,,,,,
122_47,0:00:05,,,,,,,,,,,,,,,,,
122_48,0:00:04,,,,,,,,,,,,,,,,,
122_49,0:00:04,,,,,,,,,,,,,,,,,
122_50,0:00:04,,,,,,,,,,,,,,,,,
122_51,0:00:05,,,,,,,,,,,,,,,,,
122_52,0:00:04,,,,,,,,,,,,,,,,,
122_53,0:00:04,,,,,,,,,,,,,,,,,
122_54,0:00:03,,,,,,,36 - 76,,,,,,,,,,
122_55,0:00:06,,,,,,,,,,,,,,,,,
122_56,0:00:04,,,,,,,32 - 80,,,,,,,,,,
122_57,0:00:03,,,,,,,16 - 80,,,,,,,,,,
122_58,0:00:03,,,,,,,1 - 54,,,,,,,,,,
122_59,0:00:05,,,,,,,60 - 112,,,,,,,,,,
122_60,0:00:03,,,,,,,9 - 62,,,,,,,,,,
122_61,0:00:04,,,,,,,32 - 80,,,,,,,,,,
122_62,0:00:04,,,,,,,28 - 93,,,,,,,,,,
122_63,0:00:06,,,,,,,,,,,,,,,,,
122_64,0:00:05,,,,,,,52 - 114,,,,,,,,,,
122_65,0:00:03,,,,,,,20 - 79,,,,,,,,,,
122_66,0:00:06,,,,,,,,,,,,,,,,,
122_67,0:00:06,,,,,,,,,,,,,,,,,
122_68,0:00:05,,,,,,,,,,,,,,,,,
123_01,0:00:06,,,,,,,,40 - 141,,,,,,,,,
123_02,0:00:06,,,,,,,,28 - 150,,,,,,,,,
123_03,0:00:15,,,,,,,,,,,,,,,,,
123_04,0:00:14,,,,,,,,,,,,,,,,,
123_05,0:00:07,,,,,,,,80 - 179,,,,,,,,,
123_06,0:00:07,,,,,,,,64 - 165,,,,,,,,,
123_07,0:00:13,,,,,,,,,,,,,,,,,
123_08,0:00:07,,,,,,,,52 - 169,,,,,,,,,
123_09,0:00:07,,,,,,,,52 - 166,,,,,,,,,
123_10,0:00:07,,,,,,,,64 - 158,,,,,,,,,
123_11,0:00:05,,,,,,,,32 - 124,,,,,,,,,
123_12,0:00:07,,,,,,,,36 - 157,,,,,,,,,
123_13,0:00:06,,,,,,,,36 - 133,,,,,,,,,
124_01,0:00:05,,,,,,,,,,,,,,32 - 127,,,
124_02,0:00:11,,,,,,,,,,,,,,,"44 - 112,164 - 252",,
124_03,0:00:08,,,,,,,,,,,,,,,,,"basketball, shoot"
124_04,0:00:06,,,,,,,,,,,,,,,,,"basketball, free throw"
124_05,0:00:07,,,,,,,,,,,,,,,,,baksetball dribble shoot
124_06,0:00:06,,,,,,,,,,,,,,,,40 - 72,"basketball, dribble, shoot"
124_07,0:00:11,,,,,,,,,,,,,,,,,
124_08,0:00:07,,,,,,,,,,,,,,,,,
124_09,0:00:20,,,,,,,,,,,,,,,"1 - 56,112 - 148,224 - 304,384 - 432",,
124_10,0:00:02,,,,,,,,,,,,,,,,,
124_11,0:00:08,,,,,,,,,,,,,,,,,
124_12,0:00:12,,,,,,,,,,,,,,,"1 - 64,104 - 168,260 - 296",,
124_13,0:00:07,,,,,,,,,,,,,,,"32 - 76,100 - 156",,
125_05,0:00:22,,,,,,,,16 - 88,,,,,,,,,
125_07,0:00:03,,,,,,,,,,,,,,,,,
126_01,0:00:22,,,,,,,,,,,,,,,,,
126_02,0:00:15,,,,,,,,,,,,,,,,,
126_03,0:00:21,,,,,,,,,,,,,,,,,
126_04,0:00:14,,,,,,,,,,,,,,,,,
126_05,0:00:13,,,,,,,,,,,,,,,,,
126_06,0:00:21,,,,,,,,,,,,,,,,,
126_07,0:00:21,,,,,,,,,,,,,,,,,
126_08,0:00:13,,,,,,,,,,,,,,,,,
126_09,0:00:15,,,,,,,,,,,,,,,,,
126_10,0:00:10,,,,,,,,,,,,,,,,,
126_11,0:00:15,,,,,,,,,,,,,,,,,
126_12,0:00:20,,,,,,,,,,,,,,,,,
126_13,0:00:01,,,,,,,,,,,,,,,,,
127_01,0:00:02,,,,,,,,,,,,,,,,,
127_02,0:00:15,,,,,,,,,,,,,,,,,
127_03,0:00:03,,,,,,,,,,,,,,,,30 - 64,
127_04,0:00:04,,,,,,,,,,,,,,,,40 - 88,
127_05,0:00:03,,,,,,,,,,,,,,,,1 - 40,run-stop
127_06,0:00:01,,,,,,,,,,,,,,,,2 - 35,
127_07,0:00:01,,,,,,,,,,,,,,,,2 - 30,
127_08,0:00:01,,,,,,,,,,,,,,,,2 - 28,
127_09,0:00:02,,,,,,,,,,,,,,,,2 - 40,
127_10,0:00:01,,,,,,,,,,,,,,,,2 - 34,
127_11,0:00:02,,,,,,,,,,,,,,,,2 - 41,turn
127_12,0:00:01,,,,,,,,,,,,,,,,2 - 36,
127_13,0:00:02,,,,,,,,,,,,,,,,2 - 38,
127_14,0:00:01,,,,,,,,,,,,,,,,2 - 31,
127_15,0:00:01,,,,,,,,,,,,,,,,2 - 33,
127_16,0:00:02,,,,,,,,,,,,,,,,2 - 52,
127_17,0:00:03,,,,,,,,,,,,,,,,48 - 75,stop-run
127_18,0:00:03,,,,,,,,,,,,,,,,"1 - 25,62 - 77",run - stop
127_19,0:00:04,,,,,,,,,,,,,,,,"1 - 31,72 - 86",panick-run
127_20,0:00:03,,,,,,,,,,,,,,,,1 - 32,run-stop
127_21,0:00:03,,,,,,,,,,,,,,,,1 - 36,run-jump
127_22,0:00:03,,,,,,,,,,,,,,,,1 - 36,jump
127_23,0:00:03,,,,,,,,,,,,,,,,,
127_24,0:00:03,,,,,,,,,,,,,,,,,
127_25,0:00:02,,,,,,,,,,,,,,,,2 - 47,jump
127_26,0:00:02,,,,,,,,,,,,,,,,2 - 50,jump
127_27,0:00:02,,,,,,,,,,,,,,,,2 - 50,jump
127_28,0:00:02,,,,,,,,,,,,,,,,2 - 44,jump
127_29,0:00:02,,,,,,,,,,,,,,,,2 - 42,duck-run
127_30,0:00:02,,,,,,,,,,,,,,,,2 - 49,duck-run
127_31,0:00:04,,,,,,,,,,,,,,,,80 - 101,duck-run
127_32,0:00:03,,,,,,,,,,,,,,,,48 - 64,duck-run
127_33,0:00:02,,,,,,,,,,,,,,,,2 - 42,up-down
127_34,0:00:02,,,,,,,,,,,,,,,,2 - 41,up-down
127_35,0:00:02,,,,,,,,,,,,,,,,2 - 49,up-down
127_36,0:00:02,,,,,,,,,,,,,,,,2 - 44,up-down
127_37,0:00:03,,,,,,,,,,,,,,,,25 - 67,run-duck-run
127_38,0:00:02,,,,,,,,,,,,,,,,2 - 39,duck-run
128_01,0:00:03,,,,,,,,,,,,,,,,,
128_02,0:00:01,,,,,,,,,,,,,,,,2 - 34,
128_03,0:00:01,,,,,,,,,,,,,,,,2 - 33,
128_04,0:00:01,,,,,,,,,,,,,,,,2 - 28,Run-duck
128_05,0:00:02,,,,,,,,,,,,,,,,25 - 40,stop-run
128_06,0:00:02,,,,,,,,,,,,,,,,24 - 38,stop-run
128_07,0:00:03,,,,,,,,,,,,,,,,54 - 68,stop-run
128_08,0:00:03,,,,,,,,,,,,,,,,48 - 64,stop-run
128_09,0:00:01,,,,,,,,,,,,,,,,,
128_10,0:00:04,,,,,,,,,,,,,,,,62 - 84,
128_11,0:00:03,,,,,,,,,,,,,,,,56 - 74,roll-run
13_01,0:00:19,,,,,,,,1 - 64,,,,,,,,,
13_07,0:00:12,,,,,,,,,,,,,,,,,
13_08,0:00:13,,,,,,,,,,,,,,,,,
13_09,0:00:09,,,,,,,,,,,,,,,,,
13_10,0:00:20,,,,,,,,,,,,,,,,,
13_11,0:00:03,,,,,,,,,,,,,,,,,
13_13,0:00:04,,,,,,,,,,,,,,,,,
13_14,0:00:20,,,,,,,,,,,,,,,,,
13_15,0:00:20,,,,,,,,,,,,,,,,,
13_16,0:00:19,,,,,,,,,,,,,,,,,
13_18,0:00:25,,,,,,,,,,2 - 601,,,,,,,boxing. jumps a lot
13_19,0:00:04,,,,,,,,,,,,,,,,,
13_26,0:00:25,,,,,,,,,,,,,,,,,
13_30,0:00:21,,,,,,,,,,,,,,,,,
13_31,0:00:25,,,,,,,,,,,,,,,,,
13_32,0:00:03,,,,,,,,,,,,,,,,,
13_33,0:00:12,,,,,,,,,,,,,,,,,
13_34,0:00:12,,,,,,,,,,,,,,,,,
13_35,0:00:10,,,,,,,"1 - 36,108 - 164","1 - 108,164 - 239",,,,,,,,,up-down
13_36,0:00:11,,,,,,,132 - 184,"1 - 132,184 - 274",,,,,,,,,up-down
13_37,0:00:12,,,,,,,"1 - 52,168 - 208","52 - 168,208 - 294",,,,,,,,,up-down
13_38,0:00:10,,,,,,,"1 - 36,112 - 152","1 - 112,152 - 247",,,,,,,,,
13_39,0:00:03,,,,,,,,,,,,,,,,,
13_40,0:00:03,,,,,,,,,,,,,,,,,
13_41,0:00:03,,,,,,,,,,,,,,,,,
13_42,0:00:03,,,,,,,,,,,,,,,,,
131_01,0:00:08,,,,,,,,,,,,,,,,,
131_02,0:00:10,,,,,,,,,,,,,,,,,
131_03,0:00:09,,,,,,,,,,,,,,,,,
131_04,0:00:09,,,,,,,,,,,,,,,,,
131_05,0:00:10,,,,,,,,,,,,,,,,,
131_06,0:00:10,,,,,,,,,,,,,,,,,
131_07,0:00:06,,,,,,,,,,,,,,,,,
131_08,0:00:06,,,,,,,,,,,,,,,,,
131_09,0:00:19,,,,,,,,,,,,,,,,,
131_10,0:00:15,,,,,,,,,,,,,,,,,
131_11,0:00:10,,,,,,,,,,,,,,,,,
131_12,0:00:06,,,,,,,,,,,,,,,,,
131_13,0:00:11,,,,,,,,,,,,,,,,,
131_14,0:00:16,,,,,,,,,,,,,,,,,
132_01,0:00:12,,,,,,,,64 - 256,,,,,,,,,
132_02,0:00:09,,,,,,,,80 - 227,,,,,,,,,
132_03,0:00:12,,,,,,,,72 - 272,,,,,,,,,
132_04,0:00:11,,,,,,,,80 - 264,,,,,,,,,
132_05,0:00:11,,,,,,,,72 - 256,,,,,,,,,
132_06,0:00:11,,,,,,,,60 - 248,,,,,,,,,
132_07,0:00:07,,,,,,,,2 - 181,,,,,,,,,
132_08,0:00:12,,,,,,,,76 - 288,,,,,,,,,
132_09,0:00:10,,,,,,,,20 - 235,,,,,,,,,
132_10,0:00:13,,,,,,,,64 - 296,,,,,,,,,
132_11,0:00:13,,,,,,,,76 - 280,,,,,,,,,
132_12,0:00:13,,,,,,,,68 - 315,,,,,,,,,
132_17,0:00:02,,,,,,,,25 - 52,,,,,,,,,
132_18,0:00:04,,,,,,,,19 - 84,,,,,,,,,
132_19,0:00:02,,,,,,,,24 - 52,,,,,,,,,
132_20,0:00:03,,,,,,,,2 - 69,,,,,,,,,
132_21,0:00:03,,,,,,,,24 - 69,,,,,,,,,
132_22,0:00:03,,,,,,,,,,,,,,,,,
132_23,0:00:06,,,,,,,,,,,,,,,,,
132_24,0:00:06,,,,,,,,,,,,,,,,,
132_25,0:00:05,,,,,,,,,,,,,,,,,
132_26,0:00:05,,,,,,,,,,,,,,,,,
132_27,0:00:06,,,,,,,,,,,,,,,,,
132_28,0:00:06,,,,,,,,,,,,,,,,,
132_29,0:00:06,,,,,,,,44 - 154,,,,,,,,,
132_30,0:00:06,,,,,,,,36 - 155,,,,,,,,,
132_31,0:00:06,,,,,,,,32 - 142,,,,,,,,,
132_32,0:00:05,,,,,,,,2 - 129,,,,,,,,,
132_33,0:00:03,,,,,,,,2 - 83,,,,,,,,,
132_34,0:00:04,,,,,,,,2 - 104,,,,,,,,,
132_35,0:00:11,,,,,,,,112 - 240,,,,,,,,,
132_38,0:00:01,,,,,,,,,,,,,,,,,
132_40,0:00:07,,,,,,,,36 - 164,,,,,,,,,
132_42,0:00:06,,,,,,,,2 - 139,,,,,,,,,
132_43,0:00:07,,,,,,,,32 - 159,,,,,,,,,
132_45,0:00:13,,,,,,,,32 - 292,,,,,,,,,
132_46,0:00:10,,,,,,,,36 - 243,,,,,,,,,
132_47,0:00:13,,,,,,,,2 - 303,,,,,,,,,
132_48,0:00:14,,,,,,,,20 - 316,,,,,,,,,
132_49,0:00:15,,,,,,,,32 - 340,,,,,,,,,
132_50,0:00:18,,,,,,,24 - 424,,,,,,,,,,
132_51,0:00:01,,,,,,,,,,,,,,,,,
132_52,0:00:11,,,,,,,,,,,,,,,,,
132_55,0:00:26,,,,,,,"192 - 236,408 - 456","40 - 192,252 - 408",,,,,,,,,
133_01,0:00:11,,,,,,180 - 216,,"20 - 72,216 - 248",,,,,,,,,
133_02,0:00:12,,,,,,192 - 228,,"20 - 48,228 - 264",,,,,,,,,
133_03,0:00:10,,,,,,,,"72 - 128,164 - 216",,,,,,,,,
133_04,0:00:06,,,,,,,,24 - 136,,,,,,,,,
133_05,0:00:08,,,,,,,,20 - 152,,,,,,,,,jump
133_06,0:00:07,,,,,,,,28 - 152,,,,,,,,,
133_07,0:00:08,,,,,,,,24 - 164,,,,,,,,,jump
133_08,0:00:10,,,,,,,,172 - 228,,,,,,,,,
133_09,0:00:14,,,,,,,,232 - 336,,,,,,,,,
133_10,0:00:11,,,,,,,,160 - 263,,,,,,,,,
133_11,0:00:09,,,,,,,,"24 - 88,120 - 192",,,,,,,,,
133_12,0:00:08,,,,,,,,"20 - 84,112 - 164",,,,,,,,,
133_13,0:00:09,,,,,,,,"32 - 96,136 - 212",,,,,,,,,
133_14,0:00:07,,,,,,,,20 - 152,,,,,,,,,
133_15,0:00:07,,,,,,,,20 - 152,,,,,,,,,
133_16,0:00:04,,,,,,,,2 - 102,,,,,,,,,
133_17,0:00:05,,,,,,,,2 - 116,,,,,,,,,
133_18,0:00:04,,,,,,,,2 - 94,,,,,,,,,
133_19,0:00:07,,,,,,,,24 - 136,,,,,,,,,
133_20,0:00:09,,,,,,,,32 - 188,,,,,,,,,
133_21,0:00:07,,,,,,,,44 - 136,,,,,,,,,
133_22,0:00:06,,,,,,,,24 - 120,,,,,,,,,
133_23,0:00:07,,,,,,,,32 - 168,,,,,,,,,
133_24,0:00:08,,,,,,,,32 - 168,,,,,,,,,
133_25,0:00:03,,,,,,,,,,,,,,,,,
133_26,0:00:10,,,,,,,,,,,,,,,,,
134_01,0:00:03,,,,,,,,,,,,,,,,,
134_02,0:00:02,,,,,,,,,,,,,,,,,
134_03,0:00:03,,,,,,,,,,,,,,,,,
134_04,0:00:02,,,,,,,,,,,,,,,,,
134_05,0:00:03,,,,,,,,,,,,,,,,,
134_06,0:00:02,,,,,,,,,,,,,,,,,
134_07,0:00:02,,,,,,,,,,,,,,,,,
134_08,0:00:02,,,,,,,,,,,,,,,,,
134_09,0:00:02,,,,,,,,,,,,,,,,,
134_10,0:00:03,,,,,,,,,,,,,,,,,
134_11,0:00:03,,,,,,,,,,,,,,,,,
134_12,0:00:03,,,,,,,,,,,,,,,,,
134_13,0:00:04,,,,,,,,,,,,,,,,,
134_14,0:00:04,,,,,,,,,,,,,,,,,
134_15,0:00:02,,,,,,,,,,,,,,,,,
135_03,0:00:23,,,,,,,,,,,,,,,,,
135_04,0:00:11,,,,,,,,,,,2 - 264,,,,,,
135_05,0:00:20,,,,,,,,,,,,,,,,,
135_07,0:00:12,,,,,,,,,,,2 - 295,,,,,,
135_08,0:00:02,,,,,,,,,,,,,,,,,
135_09,0:00:18,,,,,,,,,,2 - 431,,,,,,,
135_10,0:00:17,,,,,,,,,,,,,,,,,
135_11,0:00:20,,,,,,,,,,,2 - 490,,,,,,
136_01,0:00:07,,,,,,,,24 - 172,,,,,,,,,
136_02,0:00:07,,,,,,,,32 - 170,,,,,,,,,
136_03,0:00:10,,,,,,,36 - 237,,,,,,,,,,
136_04,0:00:11,,,,,,,,17 - 252,,,,,,,,,
136_05,0:00:08,,,,,,,,48 - 203,,,,,,,,,
136_06,0:00:08,,,,,,,,48 - 187,,,,,,,,,
136_07,0:00:09,,,,,,32 - 220,,,,,,,,,,,
136_08,0:00:11,,,,,,,,40 - 264,,,,,,,,,
136_09,0:00:09,,,,,,,,44 - 224,,,,,,,,,
136_10,0:00:11,,,,,,,,36 - 266,,,,,,,,,
136_11,0:00:12,,,,,,,,25 - 276,,,,,,,,,
136_12,0:00:11,,,,,,,,56 - 260,,,,,,,,,
136_13,0:00:10,,,,,,,,28 - 248,,,,,,,,,
136_14,0:00:09,,,,,,,,56 - 212,,,,,,,,,
136_15,0:00:11,,,,,,,,60 - 268,,,,,,,,,
136_16,0:00:10,,,,,,,,40 - 250,,,,,,,,,backwards
136_17,0:00:18,,,,,,,"44 - 248,264 - 378",,,,,,,,,,
136_18,0:00:12,,,,,,,264 - 296,2 - 299,,,,,,,,,
136_19,0:00:01,,,,,,,,,,,,,,,,,
136_20,0:00:08,,,,,,,,40 - 197,,,,,,,,,
136_21,0:00:05,,,,,,,,1 - 108,,,,,,,,,
136_22,0:00:07,,,,,,,128 - 165,1 - 128,,,,,,,,,
136_23,0:00:06,,,,,,,,2 - 149,,,,,,,,,
136_24,0:00:09,,,,,,,,28 - 213,,,,,,,,,
136_25,0:00:15,,,,,,,,32 - 356,,,,,,,,,
136_26,0:00:12,,,,,,,,40 - 283,,,,,,,,,backwards
136_27,0:00:09,,,,,,,,44 - 216,,,,,,,,,
136_28,0:00:09,,,,,,,,36 - 221,,,,,,,,,
136_29,0:00:10,,,,,,,,20 - 235,,,,,,,,,back
136_30,0:00:11,,,,,,,,48 - 253,,,,,,,,,backwards
136_31,0:00:12,,,,,,,216 - 244,"48 - 128,148 - 208",,,,,,,,,
136_32,0:00:12,,,,,,,,"52 - 100,148 - 192,216 - 272",,,,,,,,,
136_33,0:00:08,,,,,,,,,,,,,,,,,
137_01,0:00:18,,,,,,,,24 - 240,,,,,,,,,
137_02,0:00:18,,,,,,,,64 - 132,,,,,236 - 316,,,,
137_04,0:00:16,,,,,,,,52 - 386,,,,,,,,,
137_05,0:00:15,,,,,,,,,,,,,,,,,
137_06,0:00:14,,,,,,,,,,,,,184 - 224,,,,
137_08,0:00:16,,,,,,,,"52 - 120,144 - 176,232 - 328",,,,,,,,,chicken?
137_09,0:00:21,,,,,,,,32 - 172,,,,,,,,,
137_10,0:00:19,,,,,,,,68 - 212,,,,,,,,,
137_12,0:00:16,,,,,,,,40 - 344,,,,,,,,,
137_13,0:00:25,,,,,,,,40 - 184,,,,,,,,,
137_14,0:00:19,,,,,,,,68 - 152,,,,,152 - 392,,,,
137_16,0:00:13,,,,,,,,56 - 276,,,,,,,,,
137_17,0:00:16,,,,,,,,32 - 144,,,,,,,,,
137_18,0:00:12,,,,,,,,36 - 152,,,,,152 - 220,,,,
137_20,0:00:13,,,,,,,,28 - 272,,,,,,,,,
137_21,0:00:16,,,,,,,,36 - 132,,,,,,,,,
137_22,0:00:14,,,,,,,,44 - 120,,,,,120 - 208,,,,
137_24,0:00:10,,,,,,,,36 - 237,,,,,,,,,
137_25,0:00:01,,,,,,,,,,,,,,,,,
137_26,0:00:13,,,,,,,,52 - 140,,,,,,,,,
137_27,0:00:10,,,,,,,,40 - 124,,,,,124 - 180,,,,
137_29,0:00:09,,,,,,,,24 - 208,,,,,,,,,
137_33,0:00:25,,,,,,,,2 - 613,,,,,,,,,
137_34,0:00:07,,,,,,,,,,,,,,,,,
137_35,0:00:21,,,,,,,,24 - 152,,,,,,,,,
137_36,0:00:21,,,,,,,,36 - 176,,,,,224 - 400,,,,
137_38,0:00:17,,,,,,,,48 - 352,,,,,,,,,
137_39,0:00:24,,,,,,,,40 - 240,,,,,,,,,
137_40,0:00:17,,,,,,,,52 - 196,,,,,196 - 320,,,,
137_42,0:00:18,,,,,,,,28 - 435,,,,,,,,,turn
138_01,0:00:07,,,,,,,,24 - 160,,,,,,,,,
138_02,0:00:06,,,,,,,,2 - 156,,,,,,,,,
138_03,0:00:06,,,,,,,,2 - 137,,,,,,,,,
138_04,0:00:06,,,,,,,,2 - 141,,,,,,,,,
138_05,0:00:03,,,,,,,,2 - 75,,,,,,,,,
138_06,0:00:03,,,,,,,,2 - 80,,,,,,,,,
138_07,0:00:03,,,,,,,,2 - 78,,,,,,,,,
138_08,0:00:03,,,,,,,,2 - 81,,,,,,,,,
138_09,0:00:04,,,,,,,,2 - 86,,,,,,,,,
138_10,0:00:04,,,,,,,,2 - 88,,,,,,,,,
138_11,0:00:04,,,,,,,,2 - 89,,,,,,,,,
138_12,0:00:03,,,,,,,,2 - 66,,,,,,,,,
138_13,0:00:04,,,,,,,,2 - 87,,,,,,,,,
138_14,0:00:03,,,,,,,,2 - 85,,,,,,,,,
138_15,0:00:03,,,,,,,,2 - 83,,,,,,,,,
138_16,0:00:04,,,,,,,,2 - 86,,,,,,,,,
138_17,0:00:04,,,,,,,,2 - 89,,,,,,,,,
138_18,0:00:03,,,,,,,,2 - 78,,,,,,,,,
138_19,0:00:04,,,,,,,,2 - 93,,,,,,,,,
138_20,0:00:04,,,,,,,,2 - 91,12 - 44,,,,,,,,
138_21,0:00:03,,,,,,,,2 - 80,,,,,,,,,
138_22,0:00:03,,,,,,,,2 - 78,,,,,,,,,
138_23,0:00:04,,,,,,,,2 - 92,,,,,,,,,
138_24,0:00:04,,,,,,,,2 - 101,,,,,,,,,
138_25,0:00:03,,,,,,,,2 - 72,,,,,,,,,
138_26,0:00:08,,,,,,,,1 - 172,,,,,,,,,
138_27,0:00:08,,,,,,,,16 - 168,,,,,,,,,
138_28,0:00:08,,,,,,,,1 - 168,,,,,,,,,
138_29,0:00:07,,,,,,,,1 - 136,,,,,,,"56 - 80,110 - 132",,
138_30,0:00:09,,,,,,,,32 - 176,,,,,,,"32 - 52,80 - 104,132 - 152",,
138_31,0:00:07,,,,,,,,,,,,,,,,,very noisy
138_32,0:00:08,,,,,,,,12 - 168,,,,,,,,,
138_33,0:00:09,,,,,,,,1 - 152,,,,,,,,,
138_34,0:00:08,,,,,,,,1 - 176,,,,,,,,,
138_35,0:00:08,,,,,,,,2 - 182,,,,,,,,,
138_36,0:00:09,,,,,,,,52 - 188,,,,,,,"52 - 80,112 - 132,160 - 188",,
138_37,0:00:07,,,,,,,,2 - 162,,,,,,,,,
138_38,0:00:08,,,,,,,,1 - 152,,,,,,,,,
138_39,0:00:07,,,,,,,,1 - 160,,,,,,48 - 72,108 - 144,,
138_40,0:00:07,,,,,,,,1 - 144,,,,,,,,,
138_41,0:00:06,,,,,,,,2 - 157,,,,,,,52 - 84,,
138_42,0:00:08,,,,,,,,1 - 144,,,,,,,,,
138_43,0:00:06,,,,,,,,2 - 150,,,,,,,,,
138_44,0:00:08,,,,,,,,1 - 138,,,,,,108 - 138,44 - 72,,
138_45,0:00:05,,,,,,,,2 - 133,,,,,,,43 - 72,,
138_46,0:00:03,,,,,,,,2 - 64,,,,,,,,,catching something
138_47,0:00:06,,,,,,,,2 - 137,,,,,,,48 - 80,,
138_48,0:00:05,,,,,,,,2 - 127,,,,,,,52 - 80,,
138_49,0:00:05,,,,,,,,2 - 126,,,,,,,40 - 56,,
138_50,0:00:06,,,,,,,,2 - 156,,,,,,,52 - 84,,
138_51,0:00:06,,,,,,,,2 - 141,,,,,,,68 - 101,,
138_52,0:00:07,,,,,,,,1 - 166,,,,,,,120 - 148,,
138_53,0:00:06,,,,,,,,2 - 152,,,,,,,56 - 92,,
138_54,0:00:06,,,,,,,,16 - 155,,,,,,104 - 136,36 - 68,,
138_55,0:00:03,,,,,,,,2 - 80,,,,,,,,,
139_01,0:00:09,,,,,,,,,,,,,,,,,
139_02,0:00:08,,,,,,,,,,,,,,,,,
139_03,0:00:08,,,,,,,,,,,,,,,,,
139_04,0:00:07,,,,,,,,,,,,,,,,,
139_05,0:00:04,,,,,,,,,,,,,,,,,
139_06,0:00:11,,,,,,,,,,,,,,,,,
139_07,0:00:04,,,,,,,,,,,,,,,,,
139_08,0:00:08,,,,,,,,,,,,,,,,,
139_09,0:00:08,,,,,,,,,,,,,,,,,
139_10,0:00:06,,,,,,,72 - 108,,,,,,,,,"8 - 72,108 - 136",
139_11,0:00:03,,,,,,,,2 - 65,,,,,,,,,
139_12,0:00:08,,,,,,,,,,,,,,,,16 - 187,
139_13,0:00:12,,,,,,,252 - 276,,,,,,,,,20 - 276,turn
139_14,0:00:08,,,,,,,,20 - 196,,,,,,,,,"side, cautious"
139_15,0:00:09,,,,,,,,2 - 216,,,,,,,,,
139_16,0:00:05,,,,,,56 - 96,,,,,,,,,,,
139_17,0:00:06,,,,,,80 - 136,,,,,,,,,,,
139_18,0:00:07,,,,,,48 - 116,,,,,,,,,,,
139_19,0:00:08,,,,,,,,2 - 201,,,,,,,,,
139_20,0:00:13,,,,,,,,24 - 312,,,,,,,,,
139_21,0:00:11,,,,,180 - 216,216 - 248,,,,,,,,,,,
139_22,0:00:12,,,,,,,,2 - 286,,,,,,,,,
139_23,0:00:13,,,,,,,,24 - 316,,,,,,,,,
139_24,0:00:06,,,,,,,,1 - 84,,,,,,,,,
139_25,0:00:05,,,,,,,,,,,,,,,,,
139_26,0:00:05,,,,,,,,,,,,,,,,,
139_27,0:00:06,,,,,,,,,,,,,,,,,
139_28,0:00:25,,,,,,,"180 - 232,316 - 353,425 - 480",2 - 595,,,,,,,,,
139_29,0:00:17,,,,,,,220 - 268,32 - 419,,,,,,,,,
139_30,0:00:10,,,,,,,124 - 148,"28 - 124,148 - 251",,,,,,,,,
139_31,0:00:18,,,,,,,28 - 420,,,,,,,,,,
139_32,0:00:16,,,,,,,,24 - 377,,,,,,,,,
139_33,0:00:25,,,,,,,,24 - 598,,,,,,,,,turn
139_34,0:00:09,,,,,,,,"24 - 92,136 - 208",,,,,,,,,
14_04,0:00:06,,,,,,,,,,,,,,,,,
14_05,0:00:07,,,,,,,,,,,,,,,,,
14_07,0:00:18,,,,,,,,,,,,,,,,,
14_08,0:00:22,,,,,,,,,,,,,,,,,
14_12,0:00:23,,,,,,,,,,,,,"1 - 60,296 - 336",,,,
14_17,0:00:21,,,,,,,,,,,,,,,,,
14_18,0:00:26,,,,,,,,,,,,,,,,,
14_19,0:00:23,,,,,,,,,,,,,,,,,
14_21,0:00:10,,,,,,,96 - 144,"20 - 96,144 - 224",,,,,,,,,up-down
14_22,0:00:10,,,,,,,108 - 152,"24 - 108,152 - 208",,,,,,,,,up-down
14_23,0:00:11,,,,,,,"112 - 152,228 - 263","20 - 112,152 - 228",,,,,,,,,
14_27,0:00:18,,,,,,,,,,,,,,,,,
14_28,0:00:17,,,,,,,168 - 216,1 - 64,,,,,,,,,
14_29,0:00:21,,,,,,,,,,,,,,,,,
14_30,0:00:21,,,,,"1 - 88,252 - 292",132 - 172,200 - 224,,,,,,,,,,
14_31,0:00:17,,,,,"24 - 68,232 - 284","164 - 200,352 - 384",,,,,,,,,,,
14_32,0:00:22,,,,,"1 - 92,244 - 296,448 - 512","128 - 184,384 - 432",,,,,,,,,,,
14_33,0:00:12,,,,,,,,,,,,,,,,,
14_34,0:00:12,,,,,,,,,,,,,,,,,
14_35,0:00:13,,,,,,,,,,,,,,,,,
14_36,0:00:17,,,,,"24 - 68,232 - 284","164 - 200,352 - 384",,,,,,,,,,,
14_37,0:00:04,,,,,,,,,,,,,,,,,
140_01,0:00:07,,,,,,80 - 120,,,,,,,,,,,
140_02,0:00:08,,,,,,96 - 148,,,,,,,,,,,
140_03,0:00:08,,,,,,80 - 176,,,,,,,,,,,
140_04,0:00:09,,,,,,108 - 168,,,,,,,,,,,
140_05,0:00:00,,,,,,,,,,,,,,,,,
140_07,0:00:10,,,,,,,,,,,,,,,,,
140_08,0:00:07,,,,,,76 - 148,,,,,,,,,,,
140_09,0:00:07,,,,,,56 - 120,,,,,,,,,,,
141_01,0:00:01,,,,,,,,,,,,,,,,2 - 15,
141_02,0:00:01,,,,,,,,,,,,,,,,2 - 23,
141_03,0:00:02,,,,,,,,,,,,,,,,2 - 47,
141_04,0:00:05,,,,,,,,,,,,,,,,,
141_05,0:00:02,,,,,,,,,,,,,,,,,
141_06,0:00:05,,,,,,,"1 - 36,52 - 80,92 - 128",,,,,,,,,,
141_07,0:00:02,,,,,,,,2 - 60,,,,,,,,,up-down
141_08,0:00:03,,,,,,,,2 - 67,,,,,,,,,up-down
141_09,0:00:02,,,,,,,,2 - 47,,,,,,,,,skip
141_10,0:00:04,,,,,,,,,,,,,,76 - 96,32 - 52,,
141_11,0:00:06,,,,,,,,,,,,,,"48 - 80,100 - 128",,,
141_12,0:00:05,,,,,,,,,,,,,,,,,
141_13,0:00:03,,,,,,,,,,,,,,,,,
141_14,0:00:05,,,,,,,,,,1 - 48,44 - 114,,,,,,
141_15,0:00:10,,,,,,,,,,,,,,,,,
141_16,0:00:02,,,,,,,,,2 - 60,,,,,,,,
141_17,0:00:05,,,,,,,,96 - 111,,,,,,,,,
141_18,0:00:03,,,,,,,,,,,,,,,,,
141_19,0:00:10,,,,,,,"32 - 48,76 - 96,144 - 164,208 - 232",2 - 239,,,,,,,,,
141_20,0:00:06,,,,,,,,,,,,,,,,,
141_21,0:00:02,,,,,,,,,,,,,,,,,
141_22,0:00:02,,,,,,,,2 - 40,,,,,,,,,high-five
141_23,0:00:02,,,,,,,,"1 - 20,40 - 49",,,,,,,,,
141_24,0:00:02,,,,,,,,2 - 53,,,,,,,,,high-five
141_25,0:00:05,,,,,,,56 - 68,"1 - 56,68 - 121",,,,,,,,,
141_26,0:00:03,,,,,,,,1 - 33,,,,,,,,,
141_27,0:00:05,,,,,,,,1 - 76,,,,,,,,,
141_28,0:00:03,,,,,,,,1 - 19,,,,,,,,,bro greet
141_29,0:00:10,,,,,,,,2 - 234,,,,,,,,,turn
141_30,0:00:06,,,,,,,,2 - 145,,,,,,,,,turn
141_31,0:00:06,,,,,,,56 - 72,2 - 135,,,,,,,,,backward
141_32,0:00:07,,,,,,,,16 - 176,,,,,,,,,
141_33,0:00:09,,,,,,,,2 - 212,,,,,,,,,side
141_34,0:00:03,,,,,,,48 - 61,1 - 48,,,,,,,,,
142_02,0:00:16,,,,,,,"136 - 172,272 - 308",36 - 375,,,,,,,,,drunk
142_03,0:00:20,,,,,,,328 - 360,"212 - 324,360 - 468",,,,,,,,,drunk
142_06,0:00:22,,,,,,,"126 - 160,240 - 272,348 - 380,464 - 516","52 - 126,160 - 240,272 - 348,380 - 464",,,,,,,,,
142_08,0:00:25,,,,,,,"148 - 176,268 - 304,400 - 436,524 - 560","48 - 148,176 - 268,304 - 400,436 - 524",,,,,,,,,
142_09,0:00:22,,,,,,,"148 - 164,244 - 272,368 - 404,492 - 532","36 - 148,164 - 244,272 - 368,404 - 492",,,,,,,,,
142_14,0:00:14,,,,,,,"88 - 112,160 - 192,232 - 253","32 - 88,112 - 160,192 - 232,253 - 320",,,,,,,,,
142_20,0:00:13,,,,,,,"108 - 148,224 - 256","80 - 92,208 - 228",,,,,,,,40 - 64,
142_21,0:00:12,,,,,,,"84 - 116,208 - 252","46 - 60,120 - 148,168 - 184",,,,,,,,1 - 24,
143_01,0:00:01,,,,,,,,,,,,,,,,2 - 21,
143_02,0:00:02,,,,,,,,,,,,,,,,1 - 18,run-stop
143_03,0:00:02,,,,,,,,,,,,,,,,25 - 46,
143_04,0:00:09,,,,,,,,,,,,,,,,32 - 202,
143_05,0:00:03,,,,,,,,,,,,,,,,,
143_06,0:00:03,,,,,,,,,,,,,,,,,
143_07,0:00:05,,,,,,,,,,,,,,,,,
143_08,0:00:03,,,,,,,"1 - 30,31 - 56",,,,,,,,,,
143_09,0:00:05,,,,,,,56 - 80,80 - 108,,,,,,,,,backwards
143_10,0:00:05,,,,,,,24 - 52,"1 - 28,52 - 72",,,,,"24 - 52,68 - 96",,,,
143_11,0:00:05,,,,,,,40 - 80,"1 - 40,80 - 92",,,,,40 - 80,,,,
143_12,0:00:05,,,,,,,17 - 52,"1 - 20,48 - 68",,,,,"17 - 52,68 - 116",,,,
143_13,0:00:05,,,,,,,16 - 48,"1 - 16,48 - 68",,,,,16 - 48,,,,
143_14,0:00:06,,,,,,,"44 - 72,120 - 144","1 - 44,72 - 120",,,,,,,,,
143_15,0:00:06,,,,,,,48 - 76,2 - 142,,,,,,,,,
143_16,0:00:05,,,,,,,48 - 64,"1 - 48,64 - 120",,,,,,,,,
143_17,0:00:05,,,,,,,,2 - 127,,,,,,,,,"up-down, backwards"
143_18,0:00:06,,,,,"1 - 48,80 - 112","48 - 80,112 - 148",,,,,,,,,,,
143_19,0:00:07,,,,,,,,,,,,,,,,,
143_20,0:00:05,,,,,,,,,,,,,,"32 - 60,88 - 120",,,
143_21,0:00:18,,,,,332 - 356,364 - 384,,,,,,,,,,,
143_22,0:00:09,,,,,,,,,,,,,56 - 72,"68 - 80,112 - 128,160 - 184",,44 - 64,football
143_23,0:00:07,,,,,,,,,,2 - 163,,,,,,,
143_24,0:00:08,,,,,,,,,,,2 - 202,,,,,,
143_25,0:00:05,,,,,,,,,2 - 132,,,,,,,,
143_26,0:00:05,,,,,,,,,,,,,,,,,
143_27,0:00:06,,,,,,,,,,,,,,,,,
143_28,0:00:05,,,,,,,,2 - 129,,,,,,,,,scrubbing
143_29,0:00:09,,,,,,,"44 - 64,84 - 104,120 - 144,152 - 176",2 - 217,,,,,,,,,
143_30,0:00:03,,,,,,,,24 - 72,,,,,,,,,
143_31,0:00:03,,,,,,,,,,,,,,,,,
143_32,0:00:06,,,,,,,68 - 96,"1 - 68,96 - 154",,,,,,,,,
143_33,0:00:03,,,,,,,,,,,,,,,,,
143_34,0:00:06,,,,,,,,,,,,,,,,,
143_35,0:00:11,,,,,,,,,,,,,,,,,
143_36,0:00:06,,,,,,,,,,,,,,,,2 - 153,turn
143_37,0:00:05,,,,,,,,,,,,,,,,,
143_38,0:00:11,,,,,,,,2 - 264,,,,,,,,,
143_39,0:00:09,,,,,,,112 - 136,"16 - 112,136 - 215",,,,,,,,,
143_40,0:00:08,,,,,,,,2 - 194,,,,,,,,,side
143_41,0:00:10,,,,,,,,2 - 234,,,,,,,,,
143_42,0:00:04,,,,,,,52 - 68,,,,,,,,,"24 - 52,60 - 96",
15_10,0:00:23,,,,,"84 - 144,336 - 396","168 - 200,460 - 496",,"16 - 84,200 - 256,288 - 336,496 - 555",,,,,,,,,
16_01,0:00:03,,,,,,,,,,,,,,,,,
16_02,0:00:04,,,,,,,,,,,,,,,,,
16_03,0:00:03,,,,,,,,,,,,,,,,,
16_04,0:00:03,,,,,,,,,,,,,,,,,
16_05,0:00:02,,,,,,,,,,,,,,,,,
16_06,0:00:03,,,,,,,,,,,,,,,,,
16_07,0:00:03,,,,,,,,,,,,,,,,,
16_08,0:00:02,,,,,,,,,,,,,,,,1 - 28,
16_09,0:00:04,,,,,,,,,,,,,,,,,
16_10,0:00:04,,,,,,,,,,,,,,,,,
16_11,0:00:04,,,,,,,,2 - 107,,,,,,,,,
16_12,0:00:04,,,,,,,,2 - 89,,,,,,,,,
16_13,0:00:04,,,,,,,,2 - 89,,,,,,,,,
16_14,0:00:04,,,,,,,,2 - 96,,,,,,,,,
16_15,0:00:04,,,,,,,,2 - 95,,,,,,,,,
16_16,0:00:04,,,,,,,,2 - 103,,,,,,,,,
16_17,0:00:04,,,,,,,,2 - 104,,,,,,,,,turn
16_18,0:00:04,,,,,,,,2 - 105,,,,,,,,,turn
16_19,0:00:03,,,,,,,,2 - 83,,,,,,,,,turn
16_20,0:00:04,,,,,,,,2 - 101,,,,,,,,,turn
16_21,0:00:03,,,,,,,,2 - 63,,,,,,,,,
16_22,0:00:03,,,,,,,,2 - 62,,,,,,,,,
16_23,0:00:02,,,,,,,,2 - 60,,,,,,,,,
16_24,0:00:02,,,,,,,,2 - 60,,,,,,,,,turn
16_25,0:00:02,,,,,,,,2 - 57,,,,,,,,,
16_26,0:00:02,,,,,,,,2 - 54,,,,,,,,,turn
16_27,0:00:02,,,,,,,,2 - 49,,,,,,,,,turn
16_28,0:00:02,,,,,,,,2 - 55,,,,,,,,,turn
16_29,0:00:02,,,,,,,,2 - 57,,,,,,,,,turn
16_30,0:00:02,,,,,,,,2 - 54,,,,,,,,,turn
16_31,0:00:03,,,,,,,,2 - 85,,,,,,,,,
16_32,0:00:05,,,,,,,,2 - 117,,,,,,,,,
16_33,0:00:02,,,,,,,,1 - 41,,,,,,,,,
16_34,0:00:03,,,,,,,,1 - 56,,,,,,,,,
16_35,0:00:01,,,,,,,,,,,,,,,,2 - 33,
16_36,0:00:02,,,,,,,,,,,,,,,,2 - 38,
16_37,0:00:01,,,,,,,,,,,,,,,,2 - 37,
16_38,0:00:01,,,,,,,,,,,,,,,,2 - 34,jog
16_39,0:00:01,,,,,,,,,,,,,,,,2 - 30,
16_40,0:00:02,,,,,,,,,,,,,,,,2 - 39,
16_41,0:00:01,,,,,,,,,,,,,,,,2 - 33,turn
16_42,0:00:02,,,,,,,,,,,,,,,,2 - 42,turn
16_43,0:00:02,,,,,,,,,,,,,,,,2 - 43,turn
16_44,0:00:02,,,,,,,,,,,,,,,,2 - 44,turn
16_45,0:00:01,,,,,,,,,,,,,,,,2 - 28,
16_46,0:00:01,,,,,,,,,,,,,,,,2 - 28,
16_47,0:00:03,,,,,,,,2 - 84,,,,,,,,,
16_48,0:00:01,,,,,,,,,,,,,,,,2 - 26,
16_49,0:00:01,,,,,,,,,,,,,,,,2 - 26,
16_50,0:00:01,,,,,,,,,,,,,,,,2 - 27,
16_51,0:00:01,,,,,,,,,,,,,,,,2 - 36,turn
16_52,0:00:01,,,,,,,,,,,,,,,,2 - 35,turn
16_53,0:00:01,,,,,,,,,,,,,,,,2 - 29,
16_54,0:00:01,,,,,,,,,,,,,,,,2 - 28,
16_55,0:00:01,,,,,,,,,,,,,,,,2 - 37,
16_56,0:00:01,,,,,,,,,,,,,,,,2 - 34,
16_57,0:00:02,,,,,,,,,,,,,,,,1 - 36,
16_58,0:00:03,,,,,,,,2 - 69,,,,,,,,,
17_10,0:00:23,,,,,,,,,,"36 - 68,152 - 196,304 - 344,416 - 484",,,,,,,boxing. jumps a lot
18_01,0:00:02,,,,,,,,,,,,,,,,,
18_02,0:00:02,,,,,,,,,,,,,,,,,
18_03,0:00:05,,,,,,,,,,,,,,,,,
18_04,0:00:03,,,,,,,,,,,,,,,,,
18_05,0:00:04,,,,,,,,,,,,,,,,,
18_06,0:00:03,,,,,,,,,,,,,,,,,
18_07,0:00:02,,,,,,,,2 - 59,,,,,,,,,stops in the middle
18_08,0:00:17,,,,,,,,,,,,,,,,,
18_09,0:00:02,,,,,,,,2 - 47,,,,,,,,,
18_10,0:00:15,,,,,,,,,,,,,,,,,
18_11,0:00:16,,,,,,,,,,,,,,,,,
18_12,0:00:10,,,,,,,,,,,,,,,,,
18_13,0:00:04,,,,,,48 - 92,,,,,,,,,,,
18_14,0:00:03,,,,,1 - 33,,,,,,,,,,,,
18_15,0:00:13,,,,,,,,,,,,,,,,,
19_01,0:00:02,,,,,,,,,,,,,,,,,
19_02,0:00:02,,,,,,,,,,,,,,,,,
19_03,0:00:05,,,,,,,,,,,,,,,,,
19_04,0:00:03,,,,,,,,,,,,,,,,,
19_05,0:00:04,,,,,,,,36 - 86,,,,,,,,,
19_06,0:00:03,,,,,,,,,,,,,,,,,
19_07,0:00:02,,,,,,,,2 - 59,,,,,,,,,backwards
19_08,0:00:17,,,,,,,,,,,,,,,,,
19_09,0:00:02,,,,,,,,2 - 47,,,,,,,,,
19_10,0:00:15,,,,,,,,,,,,,,,,,
19_11,0:00:16,,,,,,,,,,,,,,,,,
19_12,0:00:10,,,,,48 - 108,,,1 - 48,,,,,,,,,
19_13,0:00:04,,,,,1 - 56,,,,,,,,,,,,
19_14,0:00:03,,,,,,,,,,,,,,,,,
19_15,0:00:13,,,,,,,,,,,,,,,,,
20_01,0:00:11,,,,,,,,,,,,,,,,,
20_02,0:00:02,,,,,,,,2 - 46,,,,,,,,,
20_03,0:00:02,,,,,,,,2 - 55,,,,,,,,,
20_04,0:00:02,,,,,,,,2 - 50,,,,,,,,,
20_05,0:00:02,,,,,,,,2 - 47,,,,,,,,,
20_06,0:00:02,,,,,,,,2 - 58,,,,,,,,,
20_07,0:00:02,,,,,,,,2 - 49,,,,,,,,,
20_08,0:00:02,,,,,,,,2 - 43,,,,,,,,,
20_09,0:00:05,,,,,,,48 - 80,2 - 131,,,,,,,,,turn
20_10,0:00:04,,,,,,,,2 - 104,,,,,,,,,
20_11,0:00:02,,,,,,,,2 - 47,,,,,,,,,
20_12,0:00:02,,,,,,,,2 - 50,,,,,,,,,
20_13,0:00:13,,,,,,,"1 - 28,36 - 64",64 - 322,,,,,,,,,
21_01,0:00:11,,,,,,,,,,,,,,,,,
21_02,0:00:02,,,,,,,,2 - 46,,,,,,,,,
21_03,0:00:02,,,,,,,,2 - 55,,,,,,,,,
21_04,0:00:02,,,,,,,,2 - 50,,,,,,,,,
21_05,0:00:02,,,,,,,,2 - 47,,,,,,,,,
21_06,0:00:02,,,,,,,,2 - 58,,,,,,,,,
21_07,0:00:02,,,,,,,,2 - 49,,,,,,,,,
21_08,0:00:02,,,,,,,,2 - 43,,,,,,,,,
21_09,0:00:05,,,,,,,,2 - 131,,,,,,,,,turn
21_10,0:00:04,,,,,,,,2 - 104,,,,,,,,,
21_11,0:00:02,,,,,,,,2 - 47,,,,,,,,,high-five
21_12,0:00:02,,,,,,,,2 - 50,,,,,,,,,
21_13,0:00:13,,,,,,,,32 - 264,,,,,,,,,"backwards, side"
22_01,0:00:06,,,,,,,72 - 155,1 - 56,,,,,,,,,
22_02,0:00:04,,,,,,1 - 64,,,,,,,,,,,
22_03,0:00:07,,,,,,,,,,,,,,,,,
22_04,0:00:04,,,,,,,,,,,,,,,,,
22_05,0:00:04,,,,,,,,,,,,,,,,,
22_06,0:00:04,,,,,,,,,,,,,,,,,
22_07,0:00:02,,,,,,,,,,,,,,,,,
22_08,0:00:02,,,,,,,,2 - 46,,,,,,,,,
22_09,0:00:04,,,,,,,,,,,,,,,,,
22_10,0:00:04,,,,,,,,,,,,,,,,,
22_11,0:00:04,,,,,,,,,,,,,,,,,
22_12,0:00:02,,,,,,,,20 - 59,,,,,,,,,
22_13,0:00:08,,,,,,,,,,,,,,,,,
22_14,0:00:06,,,,,,,,,,,,,,,,,squats
22_15,0:00:04,,,,,,,,,,,,,,,,,
22_16,0:00:04,,,,,,,,,,,,,,,,,
22_17,0:00:07,,,,,,,,,,,,,,,,,
22_18,0:00:04,,,,,,1 - 28,,,,,,,,,,,
22_19,0:00:04,,,,,,,,,,,,,,,,,
22_20,0:00:03,,,,,,,,,,,,,,,,,
22_21,0:00:03,,,,,,,,,,,,,,,,,
22_22,0:00:01,,,,,,,,2 - 37,,,,,,,,,
22_23,0:00:02,,,,,,,,2 - 44,,,,,,,,,
22_24,0:00:02,,,,,,,,2 - 43,,,,,,,,,
22_25,0:00:01,,,,,,,,2 - 36,,,,,,,,,
23_01,0:00:06,,,,,,40 - 128,,,,,,,,,,,
23_02,0:00:04,,,,,,,,2 - 95,,,,,,,,,turn
23_03,0:00:07,,,,,,,,,,,,,,,,,
23_04,0:00:04,,,,,,,,,,,,,,,,,
23_05,0:00:04,,,,,,,,,,,,,,,,,
23_06,0:00:04,,,,,,,,,,,,,,,,,
23_07,0:00:02,,,,,,,,,,,,,,,,,
23_08,0:00:02,,,,,,,,2 - 46,,,,,,,,,
23_09,0:00:04,,,,,,,,,,,,,,,,,
23_10,0:00:04,,,,,,,,,,,,,,,,,
23_11,0:00:04,,,,,,,,,,,,,,,,,
23_12,0:00:02,,,,,,,,2 - 61,,,,,,,,,
23_13,0:00:08,,,,,,,,,,,,,,,,,
23_14,0:00:06,,,,,,,,,,,,,,,,,squats
23_15,0:00:04,,,,,,,,,,,,,,,,,
23_16,0:00:04,,,,,,,,,,,,,,,,,
23_17,0:00:07,,,,,,,,,,,,,,,,,
23_18,0:00:04,,,,,,,,,,,,,,,,,
23_19,0:00:04,,,,,,1 - 44,,,,,,,,,,,
23_20,0:00:03,,,,,,,,,,,,,,,,,
23_21,0:00:03,,,,,,,,,,,,,,,,,
23_22,0:00:01,,,,,,,,2 - 37,,,,,,,,,
23_23,0:00:02,,,,,,,,2 - 44,,,,,,,,,
23_24,0:00:02,,,,,,,,2 - 43,,,,,,,,,
23_25,0:00:01,,,,,,,,2 - 36,,,,,,,,,
24_01,0:00:17,,,,,,,,,,,,,,,,,
26_01,0:00:07,,,,,,,56 - 96,"1 - 56,104 - 165",,,,,,,,,
26_03,0:00:19,,,,,,,,,,,,,,,,,
26_04,0:00:18,,,,,,,,,,,,,,,,,
26_09,0:00:06,,,,,,,,,,,,,1 - 120,,,,
26_10,0:00:06,,,,,,,,,,,,,1 - 100,,,,
26_11,0:00:05,,,,,,,,,,,,,2 - 110,,,,
27_01,0:00:09,,,,,,,92 - 144,2 - 207,,,,,,,,,
27_03,0:00:18,,,,,,,,,,,,,,,,,
27_06,0:00:24,,,,,,,,,,,,,,,,,
27_07,0:00:15,,,,,,,,,,,,,,,,,
27_11,0:00:16,,,,,,,,,,,,,,,,,
28_01,0:00:27,,,,,,,,,240 - 312,,,,,,,,
28_02,0:00:18,,,,,,,,,,,,,,,,,
28_06,0:00:18,,,,,,,,,,,,,,,,,
28_09,0:00:14,,,,,,,,,,,,,,,,,
28_10,0:00:17,,,,,,,,,,,,,,,,,
29_01,0:00:11,,,,,,,96 - 164,2 - 264,,,,,,,,,
29_02,0:00:26,,,,,,,,,224 - 296,,,,,,,,
29_03,0:00:19,,,,,,,,,,,,,,,,,
29_07,0:00:26,,,,,,,,,228 - 304,,,,,,,,
29_08,0:00:19,,,,,,,,,,,,,,,,,
30_01,0:00:27,,,,,,,,,,,,,,,,,skip
30_02,0:00:20,,,,,,,,,,,,,,,,,
30_05,0:00:08,,,,,,,,,,,,,,,,,
30_07,0:00:26,,,,,,,,,236 - 308,,,,,,,,
30_08,0:00:18,,,,,,,,,,,,,,,,,
30_13,0:00:16,,,,,,,,,,,,,,,,,
30_14,0:00:21,,,,,,,,,,,,,,,,,
30_15,0:00:27,,,,,,,,,240 - 312,,,,,,,,
30_17,0:00:24,,,,,,,,,,,,,,,,,
31_02,0:00:19,,,,,,,,,,,,,,,,,
31_05,0:00:26,,,,,,,,,228 - 288,,,,,,,,
31_06,0:00:18,,,,,,,,,,,,,,,,,
32_01,0:00:04,,,,,,,,2 - 97,,,,,,,,,
32_02,0:00:04,,,,,,,,2 - 87,,,,,,,,,
32_04,0:00:19,,,,,,,,,,,,,,,,,
32_07,0:00:26,,,,,,,,,,,,,,,,,
32_08,0:00:19,,,,,,,,,,,,,,,,,
32_14,0:00:22,,,,,,,,,,,,,,,,,
32_18,0:00:25,,,,,,,,,,,,,,,,,
32_19,0:00:19,,,,,,,,,,,,,,,,,
32_21,0:00:17,,,,,,,,,,,,,,,,,
32_22,0:00:24,,,,,,,,,,,,,,,,,
33_01,0:00:22,,,,,,,,,,,,,148 - 184,"1 - 24,100 - 124,232 - 256,376 - 408","48 - 73,280 - 308,328 - 348,436 - 468,488 - 512",,
33_02,0:00:11,,,,,,,,,,,,,,,,176 - 256,
34_01,0:00:22,,,,,,,,,,,,,,"124 - 152,256 - 288,460 - 496,520 - 539","24 - 48,72 - 92,208 - 236,304 - 320,348 - 370,400 - 432",,
34_02,0:00:11,,,,,,,,"132 - 168,204 - 256",,,,,,,,,
35_01,0:00:03,,,,,,,,2 - 72,,,,,,,,,
35_02,0:00:03,,,,,,,,2 - 82,,,,,,,,,
35_03,0:00:04,,,,,,,,2 - 86,,,,,,,,,
35_04,0:00:04,,,,,,,,2 - 87,,,,,,,,,
35_05,0:00:04,,,,,,,,2 - 86,,,,,,,,,
35_06,0:00:04,,,,,,,,2 - 88,,,,,,,,,
35_07,0:00:03,,,,,,,,2 - 73,,,,,,,,,
35_08,0:00:04,,,,,,,,2 - 92,,,,,,,,,
35_09,0:00:03,,,,,,,,2 - 77,,,,,,,,,
35_10,0:00:04,,,,,,,,2 - 87,,,,,,,,,
35_11,0:00:03,,,,,,,,2 - 78,,,,,,,,,
35_12,0:00:03,,,,,,,,2 - 80,,,,,,,,,
35_13,0:00:04,,,,,,,,2 - 91,,,,,,,,,
35_14,0:00:03,,,,,,,,2 - 83,,,,,,,,,
35_15,0:00:03,,,,,,,,2 - 82,,,,,,,,,
35_16,0:00:04,,,,,,,,2 - 89,,,,,,,,,
35_17,0:00:01,,,,,,,,,,,,,,,,2 - 34,
35_18,0:00:01,,,,,,,,,,,,,,,,2 - 36,
35_19,0:00:01,,,,,,,,,,,,,,,,2 - 33,
35_20,0:00:01,,,,,,,,,,,,,,,,2 - 33,
35_21,0:00:01,,,,,,,,,,,,,,,,2 - 33,
35_22,0:00:01,,,,,,,,,,,,,,,,2 - 34,
35_23,0:00:01,,,,,,,,,,,,,,,,2 - 33,
35_24,0:00:01,,,,,,,,,,,,,,,,2 - 31,
35_25,0:00:01,,,,,,,,,,,,,,,,2 - 34,
35_26,0:00:01,,,,,,,,,,,,,,,,2 - 28,
35_28,0:00:03,,,,,,,,2 - 84,,,,,,,,,
35_29,0:00:04,,,,,,,,2 - 100,,,,,,,,,
35_30,0:00:03,,,,,,,,2 - 83,,,,,,,,,
35_31,0:00:03,,,,,,,,2 - 85,,,,,,,,,
35_32,0:00:03,,,,,,,,2 - 79,,,,,,,,,
35_33,0:00:03,,,,,,,,2 - 85,,,,,,,,,
35_34,0:00:03,,,,,,,,2 - 84,,,,,,,,,
36_01,0:00:05,,,,,,,,2 - 112,,,,,,,,,up-down
36_28,0:00:20,,,,,,,,2 - 479,,,,,,,,,"up -down, turn"
37_01,0:00:04,,,,,,,,2 - 103,,,,,,,,,
38_01,0:00:03,,,,,,,,2 - 71,,,,,,,,,
38_02,0:00:03,,,,,,,,2 - 85,,,,,,,,,
38_03,0:00:06,,,,,,,,,,,,,,,,2 - 153,turn
39_01,0:00:03,,,,,,,,2 - 76,,,,,,,,,
39_02,0:00:03,,,,,,,,2 - 81,,,,,,,,,
39_03,0:00:03,,,,,,,,2 - 82,,,,,,,,,
39_04,0:00:03,,,,,,,,2 - 83,,,,,,,,,
39_05,0:00:03,,,,,,,,2 - 81,,,,,,,,,
39_06,0:00:03,,,,,,,,2 - 74,,,,,,,,,
39_07,0:00:03,,,,,,,,2 - 74,,,,,,,,,
39_08,0:00:03,,,,,,,,2 - 71,,,,,,,,,
39_09,0:00:03,,,,,,,,2 - 80,,,,,,,,,
39_10,0:00:03,,,,,,,,2 - 79,,,,,,,,,
39_11,0:00:07,,,,,,,92 - 120,2 - 179,,,,,,,,,
39_12,0:00:04,,,,,,,,2 - 86,,,,,,,,,
39_13,0:00:03,,,,,,,,2 - 76,,,,,,,,,
39_14,0:00:03,,,,,,,,2 - 80,,,,,,,,,
41_11,0:00:26,,,,,,,,,,,,,,,,,
43_01,0:00:03,,,,,,,,2 - 85,,,,,,,,,
43_02,0:00:07,,,,,,,,,,,,,,,,,
43_03,0:00:07,,,,,,,,,,,,,,,,,
45_01,0:00:04,,,,,,,,2 - 92,,,,,,,,,turn
46_01,0:00:05,,,,,,,28 - 52,2 - 124,,,,,,,,,
47_01,0:00:11,,,,,,,,2 - 264,,,,,,,,,turn
49_01,0:00:05,,,,,,,,2 - 131,,,,,,,,,
49_02,0:00:17,,,,,,,,,,,,,,,,,
49_03,0:00:12,,,,,,,,,,,,,,,,,
49_04,0:00:02,,,,,,,,,,,,,,,,2 - 51,jump
49_05,0:00:01,,,,,,,,,,,,,,,,,
49_06,0:00:04,,,,,,,,,,,,,,,,,
49_07,0:00:04,,,,,,,,76 - 92,,,,,,,,,
49_08,0:00:05,,,,,,,,,,,,,,,,,
49_09,0:00:16,,,,,,,,,,,,,,,,,
49_10,0:00:12,,,,,,,,,,,,,,,,,
49_11,0:00:10,,,,,,,,,,,,,,,,,
49_12,0:00:09,,,,,,,,,,,,,,,,,
49_13,0:00:04,,,,,,,,,,,,,,,,,
49_14,0:00:05,,,,,,,,,,,,,,,,,
49_15,0:00:08,,,,,,,,,,,,,,,,,
49_16,0:00:09,,,,,,,,,,,,,,,,,
49_17,0:00:06,,,,,,,,,,,,,,,,,
49_18,0:00:09,,,,,,,,,,,,,,,,,
49_19,0:00:08,,,,,,,,,,,,,,,,,
49_20,0:00:07,,,,,,,,,,,,,,,,,
49_21,0:00:20,,,,,,,,,,,,,,,,,
49_22,0:00:11,,,,,,,,,,,,,,,,,
54_01,0:00:16,,,,,,,,,,,,,,,,,
54_02,0:00:25,,,,,,,,,,,,,,,,,
54_03,0:00:23,,,,,,,,"1 - 72,232 - 328",324 - 356,,,,,,,,
54_05,0:00:09,,,,,,,,,,,,,,,,,
54_09,0:00:16,,,,,,,,120 - 256,,,,,,,,,gorilla?
54_12,0:00:19,,,,,,,,,,,,,,,,,
54_13,0:00:14,,,,,,,,,,,,,,,,,
54_14,0:00:14,,,,,,,,,,,,,,,,,
54_17,0:00:23,,,,,,,180 - 248,"44 - 104,116 - 152,180 - 248,304 - 404",,,,,,,,,
54_18,0:00:17,,,,,,,,"1 - 24,152 - 224",,,,,,,,,squirrel
54_22,0:00:21,,,,,,,,2 - 507,,,,,,,,,side
54_24,0:00:22,,,,,,,,,,,,,,,,,
54_26,0:00:16,,,,,,,,,,,,,,,,,
55_01,0:00:15,,,,,,,,,,,,,,,,,
55_02,0:00:18,,,,,,,,,,,,,,,,,
55_04,0:00:04,,,,,,,,2 - 107,,,,,,,,,
55_05,0:00:23,,,,,,,,,,,,,,,,,
55_10,0:00:11,,,,,,,,,,,,,,,,,
55_12,0:00:17,,,,,,,,,,,,,,,,,
55_25,0:00:27,,,,,,,,,,,,,,,,,
56_01,0:00:13,,,,,,,64 - 96,2 - 302,,,,,,,,,
60_01,0:00:19,,,,,,,,,,,,,,,,,
60_02,0:00:17,,,,,,,,,,,,,,,,,
60_03,0:00:15,,,,,,,,,,,,,,,,,
60_04,0:00:16,,,,,,,,,,,,,,,,,
60_05,0:00:14,,,,,,,,,,,,,,,,,
60_06,0:00:15,,,,,,,,,,,,,,,,,
60_07,0:00:17,,,,,,,,,,,,,,,,,
60_09,0:00:21,,,,,,,,,,,,,,,,,
60_10,0:00:10,,,,,,,,,,,,,,,,,
60_11,0:00:18,,,,,,,,,,,,,,,,,
60_12,0:00:14,,,,,,,,,,,,,,,,,
60_13,0:00:19,,,,,,,,,,,,,,,,,
60_14,0:00:16,,,,,,,,,,,,,,,,,
60_15,0:00:18,,,,,,,,,,,,,,,,,
61_01,0:00:19,,,,,,,,,,,,,,,,,
61_02,0:00:17,,,,,,,,,,,,,,,,,
61_03,0:00:15,,,,,,,,,,,,,,,,,
61_04,0:00:16,,,,,,,,,,,,,,,,,
61_05,0:00:14,,,,,,,,,,,,,,,,,
61_06,0:00:15,,,,,,,,,,,,,,,,,
61_07,0:00:17,,,,,,,,,,,,,,,,,
61_09,0:00:21,,,,,,,,,,,,,,,,,
61_10,0:00:10,,,,,,,,,,,,,,,,,
61_11,0:00:18,,,,,,,,,,,,,,,,,
61_12,0:00:14,,,,,,,,,,,,,,,,,
61_13,0:00:19,,,,,,,,,,,,,,,,,
61_14,0:00:16,,,,,,,,,,,,,,,,,
61_15,0:00:18,,,,,,,,,,,,,,,,,
62_01,0:00:09,,,,,,,,,,,,,,,,,
62_02,0:00:09,,,,,,,,,,,,,,,,,
62_03,0:00:11,,,,,,,,,,,,,,,,,
62_04,0:00:11,,,,,,,,,,,,,,,,,
62_05,0:00:10,,,,,,,,,,,,,,,,,
62_06,0:00:22,,,,,,,,12 - 57,,,,,,,,,
62_07,0:00:09,,,,,,,,,,,,,,,,,
62_08,0:00:07,,,,,,,,,,,,,,,,,
62_09,0:00:09,,,,,,,,,,,,,,,,,
62_10,0:00:17,,,,,,,,1 - 36,,,,,,,,,
62_12,0:00:08,,,,,,,,,,,,,,,,,
62_13,0:00:10,,,,,,,"40 - 60,80 - 96,128 - 148,228 - 248","20 - 108,132 - 164",,,,,172 - 204,,,,
62_14,0:00:06,,,,,,,,,,,,,,,,,
62_15,0:00:06,,,,,,,,,,,,,,,,,
62_16,0:00:05,,,,,,,,,,,,,,,,,
62_17,0:00:06,,,,,,,,,,,,,,,,,
62_18,0:00:05,,,,,,,,,,,,,,,,,
62_19,0:00:05,,,,,,,,,,,,,,,,,
62_20,0:00:08,,,,,,,,,,,,,,,,,
62_22,0:00:09,,,,,,,,,,,,,,,,,
62_23,0:00:08,,,,,,,,,,,,,,,,,
62_24,0:00:24,,,,,,,,,,,,,,,,,
62_25,0:00:11,,,,,,,,,,,,,,,,,
63_01,0:00:04,,,,,,,,,,,,,,,,,
63_02,0:00:04,,,,,,,,,,,,,,,,,
63_03,0:00:04,,,,,,,,,,,,,,,,,
63_04,0:00:03,,,,,,,,,,,,,,,,,
63_05,0:00:03,,,,,,,,,,,,,,,,,
63_06,0:00:04,,,,,,,,,,,,,,,,,
63_07,0:00:03,,,,,,,,,,,,,,,,,
63_08,0:00:03,,,,,,,,,,,,,,,,,
63_09,0:00:04,,,,,,,,,,,,,,,,,
63_10,0:00:05,,,,,,,,,,,,,,,,,
63_11,0:00:05,,,,,,,,,,,,,,,,,
63_12,0:00:04,,,,,,,,,,,,,,,,,
63_13,0:00:04,,,,,,,,,,,,,,,,,
63_14,0:00:05,,,,,,,,,,,,,,,,,
63_15,0:00:03,,,,,,,,,,,,,,,,,
63_16,0:00:05,,,,,,,,,,,,,2 - 125,,,,
63_17,0:00:04,,,,,,,,,,,,,2 - 107,,,,
63_18,0:00:04,,,,,,,,,,,,,2 - 96,,,,
63_19,0:00:03,,,,,,,,,,,,,2 - 74,,,,
63_20,0:00:05,,,,,,,,,,,,,2 - 118,,,,
63_21,0:00:04,,,,,,,,,,,,,28 - 86,,,,
63_22,0:00:04,,,,,,,,,,,,,2 - 106,,,,
63_23,0:00:04,,,,,,,,,,,,,2 - 105,,,,
63_24,0:00:05,,,,,,,,,,,,,2 - 116,,,,
63_25,0:00:05,,,,,,,,,,,,,2 - 124,,,,
63_26,0:00:05,,,,,,,,,,,,,2 - 113,,,,
63_27,0:00:05,,,,,,,,,,,,,2 - 114,,,,
63_28,0:00:04,,,,,,,,,,,,,2 - 104,,,,
63_29,0:00:05,,,,,,,,,,,,,2 - 116,,,,
63_30,0:00:05,,,,,,,,,,,,,2 - 124,,,,
64_01,0:00:04,,,,,,,,,,,,,,,,,
64_02,0:00:04,,,,,,,,,,,,,,,,,
64_03,0:00:04,,,,,,,,,,,,,,,,,
64_04,0:00:03,,,,,,,,,,,,,,,,,
64_05,0:00:03,,,,,,,,,,,,,,,,,
64_06,0:00:04,,,,,,,,,,,,,,,,,
64_07,0:00:03,,,,,,,,,,,,,,,,,
64_08,0:00:03,,,,,,,,,,,,,,,,,
64_09,0:00:04,,,,,,,,,,,,,,,,,
64_10,0:00:05,,,,,,,,,,,,,,,,,
64_11,0:00:05,,,,,,,,,,,,,,,,,
64_12,0:00:04,,,,,,,,,,,,,,,,,
64_13,0:00:04,,,,,,,,,,,,,,,,,
64_14,0:00:05,,,,,,,,,,,,,,,,,
64_15,0:00:03,,,,,,,,,,,,,,,,,
64_16,0:00:05,,,,,,,,,,,,,2 - 125,,,,
64_17,0:00:04,,,,,,,,,,,,,2 - 107,,,,
64_18,0:00:04,,,,,,,,,,,,,2 - 96,,,,
64_19,0:00:03,,,,,,,,,,,,,2 - 74,,,,
64_20,0:00:05,,,,,,,,,,,,,2 - 118,,,,
64_21,0:00:04,,,,,,,,,,,,,28 - 86,,,,
64_22,0:00:04,,,,,,,,,,,,,2 - 106,,,,
64_23,0:00:04,,,,,,,,,,,,,2 - 105,,,,
64_24,0:00:05,,,,,,,,,,,,,2 - 116,,,,
64_25,0:00:05,,,,,,,,,,,,,2 - 124,,,,
64_26,0:00:05,,,,,,,,,,,,,2 - 113,,,,
64_27,0:00:05,,,,,,,,,,,,,2 - 114,,,,
64_28,0:00:04,,,,,,,,,,,,,2 - 104,,,,
64_29,0:00:05,,,,,,,,,,,,,2 - 116,,,,
64_30,0:00:05,,,,,,,,,,,,,2 - 124,,,,
69_01,0:00:04,,,,,,,,24 - 92,,,,,,,,,
69_02,0:00:03,,,,,,,,2 - 69,,,,,,,,,
69_03,0:00:04,,,,,,,,2 - 87,,,,,,,,,
69_04,0:00:04,,,,,,,,16 - 84,,,,,,,,,
69_05,0:00:04,,,,,,,,20 - 89,,,,,,,,,
69_16,0:00:09,,,,,,,2 - 226,,,,,,,,,,
69_17,0:00:08,,,,,,,2 - 200,,,,,,,,,,
69_18,0:00:09,,,,,,,1 - 176,,,,,,,,,,
69_19,0:00:09,,,,,,,2 - 224,,,,,,,,,,
69_20,0:00:05,,,,,,,,2 - 110,,,,,,,,,turn
69_21,0:00:05,,,,,,,,2 - 122,,,,,,,,,turn
69_22,0:00:04,,,,,,,,2 - 100,,,,,,,,,turn
69_23,0:00:05,,,,,,,,2 - 113,,,,,,,,,turn
69_24,0:00:04,,,,,,,,2 - 86,,,,,,,,,turn
69_25,0:00:04,,,,,,,,2 - 93,,,,,,,,,turn
69_26,0:00:04,,,,,,,,2 - 86,,,,,,,,,turn
69_27,0:00:03,,,,,,,,2 - 85,,,,,,,,,turn
69_28,0:00:04,,,,,,,,2 - 93,,,,,,,,,turn
69_29,0:00:03,,,,,,,,2 - 79,,,,,,,,,turn
69_30,0:00:03,,,,,,,,2 - 78,,,,,,,,,turn
69_31,0:00:03,,,,,,,,2 - 75,,,,,,,,,turn
69_32,0:00:03,,,,,,,,2 - 78,,,,,,,,,turn
69_33,0:00:03,,,,,,,,2 - 81,,,,,,,,,turn
69_50,0:00:04,,,,,,,,2 - 106,,,,,,,,,backwards
69_51,0:00:05,,,,,,,,2 - 126,,,,,,,,,backwards
69_52,0:00:04,,,,,,,,2 - 109,,,,,,,,,backwards
69_53,0:00:04,,,,,,,,2 - 91,,,,,,,,,backwards
69_54,0:00:04,,,,,,,,2 - 100,,,,,,,,,backwards
69_55,0:00:04,,,,,,,,2 - 96,,,,,,,,,backwards
69_56,0:00:06,,,,,,,,2 - 155,,,,,,,,,sideways
69_57,0:00:05,,,,,,,,2 - 124,,,,,,,,,side
69_58,0:00:06,,,,,,,,2 - 151,,,,,,,,,sideways
69_59,0:00:06,,,,,,,,2 - 142,,,,,,,,,side
69_60,0:00:05,,,,,,,,2 - 130,,,,,,,,,side
69_61,0:00:05,,,,,,,,2 - 127,,,,,,,,,side
69_62,0:00:05,,,,,,,,2 - 132,,,,,,,,,side
69_63,0:00:05,,,,,,,,2 - 110,,,,,,,,,side
69_64,0:00:05,,,,,,,,2 - 111,,,,,,,,,side
69_65,0:00:06,,,,,,,,2 - 134,,,,,,,,,side
69_66,0:00:05,,,,,,,,2 - 117,,,,,,,,,side
69_67,0:00:05,,,,,,,,2 - 128,,,,,,,,,side
69_68,0:00:07,,,,,,,,1 - 48,,,,,"48 - 93,112 - 163",,,,
69_69,0:00:07,,,,,,,,"1 - 48,88 - 159",,,,,44 - 88,,,,
69_70,0:00:09,,,,,,,,"1 - 52,104 - 148",,,,,"48 - 104,144 - 207",,,,
69_71,0:00:11,,,,,,,120 - 156,"1 - 64,148 - 200",,,,,"64 - 120,200 - 248",,,,
69_72,0:00:09,,,,,,,,"1 - 52,100 - 164",,,,,"52 - 100,164 - 220",,,,
69_73,0:00:09,,,,,,,,"1 - 48,96 - 144,200 - 216",,,,,"48 - 96,144 - 200",,,,
69_74,0:00:08,,,,,,,,2 - 197,,,,,"44 - 96,128 - 188",,,,
69_75,0:00:09,,,,,,,"96 - 124,188 - 216","1 - 44,112 - 144",,,,,"44 - 96,144 - 192",,,,
70_01,0:00:06,,,,,,,,40 - 141,,,,,,,,,
70_02,0:00:06,,,,,,,,24 - 150,,,,,,,,,
70_03,0:00:15,,,,,,,,,,,,,,,,,
70_04,0:00:14,,,,,,,,,,,,,,,,,
70_05,0:00:07,,,,,,,,76 - 179,,,,,,,,,
70_06,0:00:07,,,,,,,,64 - 165,,,,,,,,,
70_07,0:00:13,,,,,,,,,,,,,,,,,
70_08,0:00:07,,,,,,,,60 - 169,,,,,,,,,
70_09,0:00:07,,,,,,,,52 - 166,,,,,,,,,
70_10,0:00:07,,,,,,,,64 - 158,,,,,,,,,
70_11,0:00:05,,,,,,,,32 - 124,,,,,,,,,
70_12,0:00:07,,,,,,,,36 - 157,,,,,,,,,
70_13,0:00:06,,,,,,,,36 - 133,,,,,,,,,
73_01,0:00:06,,,,,,,,40 - 141,,,,,,,,,
73_02,0:00:06,,,,,,,,24 - 150,,,,,,,,,
73_03,0:00:15,,,,,,,,,,,,,,,,,
73_04,0:00:14,,,,,,,,,,,,,,,,,
73_05,0:00:07,,,,,,,,76 - 179,,,,,,,,,
73_06,0:00:07,,,,,,,,64 - 165,,,,,,,,,
73_07,0:00:13,,,,,,,,,,,,,,,,,
73_08,0:00:07,,,,,,,,60 - 169,,,,,,,,,
73_09,0:00:07,,,,,,,,52 - 166,,,,,,,,,
73_10,0:00:07,,,,,,,,64 - 158,,,,,,,,,
73_11,0:00:05,,,,,,,,32 - 124,,,,,,,,,
73_12,0:00:07,,,,,,,,36 - 157,,,,,,,,,
73_13,0:00:06,,,,,,,,36 - 133,,,,,,,,,
74_01,0:00:04,,,,,,,,2 - 93,,,,,,,,,
74_02,0:00:02,,,,,,,,2 - 54,,,,,,,,,
74_03,0:00:03,,,,,,,,,,,28 - 77,,,,,,soccer
74_04,0:00:03,,,,,,,,1 - 24,,,24 - 61,,,,,,soccer
74_05,0:00:03,,,,,,,,,,,24 - 63,,,,,,soccer
74_06,0:00:03,,,,,,,,,,,26 - 50,,,,,,soccer
74_07,0:00:03,,,,,,32 - 60,,,,,,,,,,,
74_08,0:00:01,,,,,,2 - 34,,,,,,,,,,,
74_09,0:00:02,,,,,,,,,,,,,,,,,
74_10,0:00:03,,,,,,,,,,,,,,,,,
74_11,0:00:03,,,,,,,,,,,,,,,,,
74_12,0:00:02,,,,,,,,,,,,,,,,,
74_13,0:00:21,,,,,,,,,,,,,,,,,
74_14,0:00:04,,,,,,,,24 - 80,,,,,,,,,
74_15,0:00:04,,,,,,,,26 - 77,,,,,,,,,
74_16,0:00:04,,,,,,,,20 - 72,,,,,,,,,
74_17,0:00:04,,,,,,,,20 - 76,,,,,,,,,up
74_18,0:00:04,,,,,,,,24 - 84,,,,,,,,,
74_19,0:00:04,,,,,,,,20 - 86,,,,,,,,,
74_20,0:00:05,,,,,,,,2 - 116,,,,,,,,,
75_01,0:00:03,,,,,,,,,,,,,,,,1 - 40,run-jump
75_02,0:00:02,,,,,,,,,,,,,,,,1 - 12,jump
75_03,0:00:02,,,,,,,,,,,,,,,,,
75_04,0:00:02,,,,,,,,,,,,,,,,2 - 59,"wide, open steps"
75_05,0:00:02,,,,,,,,,,,,,,,,2 - 60,zig-zag
75_06,0:00:06,,,,,,,"28 - 48,56 - 96",,,,,,,,,,
75_07,0:00:09,,,,,,,2 - 224,,,,,,,,,,
75_08,0:00:09,,,,,,,"48 - 76,96 - 120,168 - 200",,,,,,,,,,
75_09,0:00:03,,,,,,,28 - 56,,,,,,,,,,
75_10,0:00:02,,,,,,,,,,,,,,,,,
75_11,0:00:01,,,,,,,,,,,,,,,,,
75_12,0:00:04,,,,,,,,,,,,,1 - 32,,,,
75_13,0:00:03,,,,,,,,,,,,,,,,,
75_14,0:00:04,,,,,,,,,,,,,,,,,
75_15,0:00:15,,,,,,,,"48 - 84,188 - 232,296 - 348",,,,,,,,,
75_16,0:00:03,,,,,,,,,,,38 - 67,,,,,,air kick
75_17,0:00:03,,,,,1 - 34,35 - 63,,,,,,,,,,,
75_18,0:00:02,,,,,1 - 24,24 - 59,,,,,,,,,,,
75_19,0:00:06,,,,,"1 - 36,84 - 112","48 - 76,124 - 152",,,,,,,,,,,
75_20,0:00:04,,,,,20 - 56,57 - 97,,,,,,,,,,,
76_01,0:00:08,,,,,,,,,,144 - 184,,,,,,,
76_02,0:00:10,,,,,,,,,,204 - 231,,,,,,,
76_03,0:00:09,,,,,,,,,,,,,,,,,
76_04,0:00:03,,,,,,,,,,,,,,,,,
76_05,0:00:07,,,,,,,,,,,,,,,,,
76_06,0:00:06,,,,,,,,,,,,,,,,,
76_07,0:00:00,,,,,,,,,,,,,,,,,
76_08,0:00:12,,,,,,,,44 - 299,,,,,,,,,
76_09,0:00:13,,,,,,,,192 - 280,,,,,,,,,backwards
76_10,0:00:11,,,,,,,,,,,,,,,,,
76_11,0:00:04,,,,,,,,2 - 103,,,,,,,,,backwards
77_01,0:00:09,,,,,,,,,,,,,,,,,
77_02,0:00:08,,,,,,,,,,,,,,,,,
77_03,0:00:08,,,,,,,,,,,,,,,,,
77_04,0:00:07,,,,,,,,,,,,,,,,,
77_05,0:00:04,,,,,,,,,,,,,,,,,
77_06,0:00:11,,,,,,,,,,,,,,,,,
77_07,0:00:04,,,,,,,,,,,,,,,,,
77_08,0:00:08,,,,,,,,,,,,,,,,,
77_09,0:00:08,,,,,,,,,,,,,,,,,
77_10,0:00:06,,,,,,,72 - 108,,,,,,,,,"8 - 72,108 - 136",
77_11,0:00:03,,,,,,,,2 - 65,,,,,,,,,
77_12,0:00:08,,,,,,,,20 - 180,,,,,,,,,
77_13,0:00:12,,,,,,,252 - 276,,,,,,,,,20 - 276,turn
77_14,0:00:08,,,,,,,,20 - 196,,,,,,,,,"side, cautious"
77_15,0:00:09,,,,,,,,2 - 216,,,,,,,,,
77_16,0:00:05,,,,,,56 - 96,,,,,,,,,,,
77_17,0:00:06,,,,,,80 - 136,,,,,,,,,,,
77_18,0:00:07,,,,,,48 - 116,,,,,,,,,,,
77_19,0:00:08,,,,,,,,2 - 201,,,,,,,,,
77_20,0:00:13,,,,,,,,24 - 312,,,,,,,,,
77_21,0:00:11,,,,,180 - 216,216 - 248,,,,,,,,,,,
77_22,0:00:12,,,,,,,,2 - 286,,,,,,,,,
77_23,0:00:13,,,,,,,,24 - 316,,,,,,,,,
77_24,0:00:06,,,,,,,,1 - 84,,,,,,,,,
77_25,0:00:05,,,,,,,,,,,,,,,,,
77_26,0:00:05,,,,,,,,,,,,,,,,,
77_27,0:00:06,,,,,,,,,,,,,,,,,
77_28,0:00:25,,,,,,,"180 - 232,316 - 353,425 - 480",2 - 595,,,,,,,,,
77_29,0:00:17,,,,,,,220 - 268,32 - 419,,,,,,,,,
77_30,0:00:10,,,,,,,124 - 144,"32 - 124,144 - 251",,,,,,,,,
77_31,0:00:18,,,,,,,28 - 420,,,,,,,,,,
77_32,0:00:16,,,,,,,,24 - 377,,,,,,,,,
77_33,0:00:25,,,,,,,,28 - 598,,,,,,,,,walking with lots of turns
77_34,0:00:09,,,,,,,,"24 - 92,136 - 208",,,,,,,,,
78_01,0:00:01,,,,,,,,,,,,,,,,2 - 34,"basketball, dribble"
78_02,0:00:02,,,,,,,,,,,,,,,,2 - 56,"basketball, dribble"
78_03,0:00:01,,,,,,,,,,,,,,,,2 - 35,"basketball, dribble"
78_04,0:00:01,,,,,,,,,,,,,,,,2 - 31,"basketball, dribble"
78_05,0:00:01,,,,,,,,,,,,,,,,2 - 34,basketball
78_06,0:00:01,,,,,,,,,,,,,,,,2 - 22,
78_07,0:00:01,,,,,,,,,,,,,,,,2 - 29,basketball
78_08,0:00:01,,,,,,,,,,,,,,,,2 - 23,
78_09,0:00:01,,,,,,,,,,,,,,,,2 - 31,basketball
78_10,0:00:01,,,,,,,,,,,,,,,,2 - 29,basketball
78_11,0:00:00,,,,,,,,,,,,,,,,,
78_12,0:00:01,,,,,,,,,,,,,,,,2 - 20,
78_13,0:00:01,,,,,,,1 - 25,,,,,,,,,26 - 33,
78_14,0:00:01,,,,,,,1 - 18,,,,,,,,,19 - 32,
78_15,0:00:01,,,,,,,,,,,,,,,,2 - 31,"basketball, dribble"
78_16,0:00:02,,,,,,,,,,,,,,,,2 - 40,"basketball, dribble"
78_17,0:00:01,,,,,,,1 - 24,,,,,,,,,24 - 34,
78_18,0:00:02,,,,,,,,,,,,,,,,2 - 43,"basketball, dribble"
78_19,0:00:01,,,,,,,,,,,,,,,,2 - 36,"basketball, dribble"
78_20,0:00:02,,,,,,,,,,,,,,,,16 - 44,"basketball, dribble"
78_21,0:00:02,,,,,,,,,,,,,,,,2 - 46,"basketball, dribble"
78_22,0:00:05,,,,,,,,,,,,,,,,88 - 120,"basketball, dribble"
78_23,0:00:04,,,,,,,,,,,,,,,,68 - 102,"basketball, dribble"
78_24,0:00:02,,,,,,,,,,,,,,,,16 - 48,
78_25,0:00:03,,,,,,,,,,,,,,,,2 - 72,side
78_26,0:00:03,,,,,,,,,,,,,,,,1 - 41,side
78_27,0:00:02,,,,,,,,,,,,,,,,1 - 48,"basketball, side"
78_28,0:00:04,,,,,,,,,,,,,,,,2 - 90,"side, turn"
78_29,0:00:01,,,,,,,,,,,,,,,,,
78_30,0:00:06,,,,,,,,,,,,,,,,,
78_31,0:00:07,,,,,,,,,,,,,,,,,
78_32,0:00:02,,,,,,,,,,,,,,,,2 - 43,"basketball, dribble"
78_33,0:00:02,,,,,,,,,,,,,,,,2 - 46,"basketball, dribble"
78_34,0:00:03,,,,,,,,,,,,,,,,2 - 62,"basketball, dribble"
78_35,0:00:02,,,,,,,,,,,,,,,,2 - 45,"basketball, dribble"
79_01,0:00:05,,,,,,,,,,,,,,,,,
79_02,0:00:06,,,,,,,,,,,,,,,,,
79_03,0:00:07,,,,,,,,,,,,,,,,,
79_04,0:00:08,,,,,,,,,,,,,,,,,
79_05,0:00:08,,,,,,,,,,,,,,,,,
79_06,0:00:05,,,,,,,,,,,,,,,,,
79_07,0:00:03,,,,,,,,,,2 - 66,,,,,,,
79_08,0:00:04,,,,,,,,,,2 - 89,,,,,,,
79_09,0:00:07,,,,,,,,,,,,,,,,,
79_10,0:00:06,,,,,,,,,,,,,,,,,
79_11,0:00:01,,,,,,,,,,,,,,,,,
79_12,0:00:09,,,,,,,,,,,,,,,,,
79_13,0:00:05,,,,,,,,,,,,,,,,,
79_14,0:00:06,,,,,,,,,,,,,,,,,
79_15,0:00:07,,,,,,,,,,,,,,,,,
79_16,0:00:06,,,,,,,,,,,,,,,,,
79_17,0:00:07,,,,,,,,,,,,,,,,,
79_18,0:00:07,,,,,,,,,,,,,,,,,
79_19,0:00:06,,,,,,,,,,,,,,,,,
79_20,0:00:06,,,,,,,,,,,,,,,,,
79_21,0:00:07,,,,,,,,,,,,,,,,,
79_22,0:00:07,,,,,,,,,,,,,,,,,
79_23,0:00:06,,,,,,,,,,,,,,,,,
79_24,0:00:06,,,,,,,,,,,,,,,,,
79_25,0:00:05,,,,,,,,,,,,,,,,,
79_26,0:00:09,,,,,,,,,,,,,,,,,
79_27,0:00:07,,,,,,,,,,,,,,,,,
79_28,0:00:03,,,,,,,,,,,,,,,,,
79_29,0:00:06,,,,,,,,,,,,,,,,,
79_30,0:00:07,,,,,,,,,,,,,,,,,
79_31,0:00:05,,,,,,,,,,,,,,,,,
79_32,0:00:08,,,,,,,,,,,,,,,,,
79_33,0:00:05,,,,,,,,,,,,,,,,,
79_34,0:00:06,,,,,,,,,,,,,,1 - 80,,,
79_35,0:00:10,,,,,,,,,,,,,,"36 - 92,128 - 192",,,
79_36,0:00:04,,,,,,,,,,,,,,,,,
79_37,0:00:05,,,,,,,,,,,,,,,,,
79_38,0:00:04,,,,,,,,,,,,,,,,,
79_39,0:00:07,,,,,,,,,,,,,,,,,
79_40,0:00:07,,,,,,,,,,,,,,,,,
79_41,0:00:09,,,,,,,,,,,,,,,,,
79_42,0:00:07,,,,,,,,,,,,,,,,,
79_43,0:00:08,,,,,,,,,,,,,,,,,
79_44,0:00:07,,,,,,,,,,,,,,,,,
79_45,0:00:07,,,,,,,,,,,,,,,,,
79_46,0:00:11,,,,,,,,,,,,,,,,,
79_47,0:00:10,,,,,,,,,,,,,,,,,
79_48,0:00:10,,,,,,,,,,,,,,,,,
79_49,0:00:09,,,,,,,,,,,,,,,,,
79_50,0:00:06,,,,,,,,,,,,,,,,,
79_51,0:00:07,,,,,,,,,,,,,,,,,
79_52,0:00:07,,,,,,,,,,,,,,,,,
79_53,0:00:06,,,,,,,,,,,,,,,,,
79_54,0:00:10,,,,,,,,,,,,,,,,,
79_55,0:00:05,,,,,,,,,,,,,,,,,
79_56,0:00:07,,,,,,,,,,,,,,,,,
79_57,0:00:08,,,,,,,,,,,,,,,,,
79_58,0:00:07,,,,,,,,,,,,,,,,,
79_59,0:00:07,,,,,,,,,,,,,,,,,
79_60,0:00:07,,,,,,,,,,,,,,,,,
79_61,0:00:09,,,,,,,,,,,,,,,,,
79_62,0:00:07,,,,,,,,,,,,,,,,,
79_63,0:00:09,,,,,,,,,,,,,,,,,
79_64,0:00:09,,,,,,,,,,,,,,,,,
79_65,0:00:05,,,,,,,,,,,,,,,,,
79_66,0:00:06,,,,,,,,,,,,,,,,,
79_67,0:00:10,,,,,,,,,,,,,,,,,
79_68,0:00:10,,,,,,,,,,,,,,,,,
79_69,0:00:07,,,,,,,,,,,,,,,,,
79_70,0:00:06,,,,,,,,,,,,,,,,,
79_71,0:00:09,,,,,,,,,,,,,,,,,
79_72,0:00:08,,,,,,,,,,,,,,,,,
79_73,0:00:07,,,,,,,,,,,,,,,,,
79_74,0:00:08,,,,,,,,,,,,,,,,,
79_75,0:00:11,,,,,,,,,,,,,,,,,
79_76,0:00:10,,,,,,,,,,,,,,,,,
79_77,0:00:10,,,,,,,,,,,,,,,,,
79_78,0:00:11,,,,,,,,,,,,,,,,,
79_79,0:00:07,,,,,,,,,,,,,,,,,
79_80,0:00:08,,,,,,,,,,,,,,,,,
79_81,0:00:08,,,,,,,,,,,,,,,,,
79_82,0:00:06,,,,,,,,,,,,,,,,,
79_83,0:00:10,,,,,,,,,,,,,,,,,
79_84,0:00:07,,,,,,,,,,,,,,,,,
79_85,0:00:09,,,,,,,,,,,,,,,,,
79_86,0:00:06,,,,,,,,,,,,,,,,,
79_87,0:00:07,,,,,,,,,,,,,,,,,
79_88,0:00:08,,,,,,,,,,,,,,,,,
79_89,0:00:07,,,,,,,,,,,,,,,,,
79_90,0:00:11,,,,,,,,,,,,,,,,,
79_91,0:00:04,,,,,,,,,,,,,,24 - 89,,,
79_92,0:00:05,,,,,,,,,,,,,,,"28 - 56,76 - 100",,
79_93,0:00:09,,,,,,,,,,,,,,,,,
79_94,0:00:08,,,,,,,,,,,,,,,,,
79_95,0:00:08,,,,,,,,,,,,,,,,,
79_96,0:00:05,,,,,,,,,,,,,,,,,
80_01,0:00:07,,,,,,,,,,,,,,,,,
80_02,0:00:06,,,,,,,,,,,,,,,,,
80_03,0:00:05,,,,,,,,,,,,,,,,,
80_04,0:00:09,,,,,,,,,,,,,,,,,
80_05,0:00:10,,,,,,,,,,,,,,,,,
80_06,0:00:08,,,,,,,,,,,,,,,,,
80_07,0:00:13,,,,,,,,,,,,,156 - 180,,,,
80_08,0:00:07,,,,,,,,,,,,,,,,,
80_09,0:00:13,,,,,,,,,,,,,88 - 124,,,,
80_10,0:00:06,,,,,,,,,,2 - 155,,,,,,,
80_11,0:00:06,,,,,,,,,,,,,,,,,
80_12,0:00:13,,,,,,,,,,,,,,,,,
80_13,0:00:08,,,,,,,,,,,,,,,,,
80_14,0:00:14,,,,,,,,,,,,,,,,,
80_15,0:00:10,,,,,,,,,,,,,,,,,
80_16,0:00:10,,,,,,,,,,,,,,,,,
80_17,0:00:12,,,,,,,,,,,,,,,,,
80_18,0:00:13,,,,,,,,,,,,,,,,,
80_19,0:00:15,,,,,,,,,,,,,,,,,
80_20,0:00:17,,,,,,,,,,,,,,,,,
80_21,0:00:12,,,,,,,,,,,,,,,,,
80_22,0:00:09,,,,,,,,,,,,,,,,,
80_23,0:00:08,,,,,,,,,,,,,,,,,
80_24,0:00:15,,,,,,,,,,,,,,,,,
80_25,0:00:09,,,,,,,,,,,,,,,,,
80_26,0:00:10,,,,,,,,,,,,,,,,,
80_27,0:00:09,,,,,,,,,,,,,,,,,
80_28,0:00:10,,,,,,,,,,,,,,,,,
80_29,0:00:09,,,,,,,,,,,,,,,,,
80_30,0:00:22,,,,,,,,,,,,,,,,,
80_31,0:00:13,,,,,,,,,,,,,,,,,
80_32,0:00:13,,,,,,,,,,,,,,,,,
80_33,0:00:16,,,,,,,,,,,,,,,,,
80_34,0:00:17,,,,,,,,,,,,,,,,,
80_35,0:00:16,,,,,,,,,,,,,,,,,
80_36,0:00:14,,,,,,,,,,,,,,,,,
80_37,0:00:22,,,,,,,,,,,,,,,,,
80_38,0:00:21,,,,,,,,,,,,,,,,,
80_39,0:00:15,,,,,,,,,,,,,,,,,
80_40,0:00:08,,,,,,,,,,,,,,,,,
80_41,0:00:09,,,,,,,,,,,,,,,,,
80_42,0:00:10,,,,,,,,,,,,,,,,,
80_43,0:00:08,,,,,,,,,,,,,,,,,
80_44,0:00:08,,,,,,,,,,,,,,,,,
80_45,0:00:13,,,,,,,,,,,,,,,,,
80_46,0:00:13,,,,,,,,,,,,,,,,,
80_47,0:00:08,,,,,,,,,,,,,,,,,
80_48,0:00:10,,,,,,,,,,,,,,,,,
80_49,0:00:16,,,,,,,,,,,,,,,,,
80_50,0:00:10,,,,,,,,,,,,,,,,,
80_51,0:00:12,,,,,,,,,,,,,,,,,
80_52,0:00:13,,,,,,,,,,,,,,,,,
80_53,0:00:15,,,,,,,,,,,,,,,,,
80_54,0:00:14,,,,,,,,,,,,,,,,,
80_55,0:00:11,,,,,,,,,,,,,,,,,
80_56,0:00:06,,,,,,,,,,,,,,,,,
80_57,0:00:13,,,,,,,,,,,,,,,,,
80_58,0:00:20,,,,,,,,,,,,,,,,,
80_59,0:00:13,,,,,,,,,,,,,,,,,
80_60,0:00:17,,,,,,,,,,,,,,,,,
80_61,0:00:09,,,,,,,,,,,,,,,,,
80_62,0:00:19,,,,,,,,,,,,,,,,,
80_63,0:00:19,,,,,,,,,,,,,,,,,
80_64,0:00:20,,,,,,,,,,,,,,,,,
80_65,0:00:15,,,,,,,,,,,,,,,,,
80_66,0:00:17,,,,,,,,,,,,,,,,,
80_67,0:00:18,,,,,,,,,,,,,,,,,
80_68,0:00:23,,,,,,,,,,,,,,,,,
80_70,0:00:15,,,,,,,,,,,,,,,,,
80_71,0:00:09,,,,,,,,,,,,,,,,,
80_72,0:00:09,,,,,,,,,,,,,,,,,
80_73,0:00:07,,,,,,,,,,,,,,,,,
81_01,0:00:10,,,,,,,,140 - 248,,,,,,,,,
81_02,0:00:04,,,,,,,,2 - 109,,,,,,,,,
81_03,0:00:09,,,,,,,,1 - 136,,,,,,,,,
81_04,0:00:08,,,,,,,,68 - 188,,,,,,,,,
81_05,0:00:11,,,,,,,,,,,,,,,,,
81_06,0:00:11,,,,,,,,,,,,,,,,,
81_07,0:00:10,,,,,1 - 48,,,,,,,,,,,,
81_08,0:00:11,,,,,,,,,,,,,1 - 92,,,,
81_09,0:00:12,,,,,,,,,,,,,1 - 80,,,,
81_10,0:00:15,,,,,,,,1 - 64,,,,,,,,,
81_11,0:00:14,,,,,,,,1 - 60,,,,,,,,,
81_12,0:00:04,,,,,,,,,,,,,,,,,
81_13,0:00:05,,,,,,,,44 - 104,,,,,,,,,backward
81_14,0:00:17,,,,,,,,1 - 80,,,,,,,,,
81_15,0:00:17,,,,,,,,1 - 64,,,,,,,,,
81_16,0:00:00,,,,,,,,,,,,,,,,,
81_17,0:00:08,,,,,,,,48 - 181,,,,,,,,,
81_18,0:00:10,,,,,,,,,,,,,,,,,
82_01,0:00:00,,,,,,,,,,,,,,,,,
82_02,0:00:15,,,,,,,,"48 - 92,332 - 360",,,,,,,,,
82_03,0:00:16,,,,,,,,1 - 72,,,,,,,,,
82_04,0:00:08,,,,,,,,,,,,,,,,,
82_05,0:00:19,,,,,,,,,,,,,,,,,
82_06,0:00:09,,,,,,,,,,,,,,,,,
82_07,0:00:10,,,,,,,,,,,,,,,,,
82_08,0:00:14,,,,,,,,208 - 338,,,,,,,,,
82_09,0:00:11,,,,,,,,136 - 256,,,,,,,,,
82_10,0:00:05,,,,,,,,24 - 111,,,,,,,,,
82_11,0:00:06,,,,,,,,2 - 140,,,,,,,,,
82_12,0:00:03,,,,,,,,2 - 81,,,,,,,,,
82_13,0:00:03,,,,,,,,2 - 83,,,,,,,,,
82_14,0:00:08,,,,,,,,1 - 120,,,,,,,,,
82_15,0:00:06,,,,,,,,2 - 144,,,,,,,,,
82_16,0:00:11,,,,,,,,,,,,,,,,,
82_17,0:00:13,,,,,,,,,,,,,,,,,
82_18,0:00:00,,,,,,,,,,,,,,,,,
83_01,0:00:05,,,,,,,,,,,,,,,,,
83_02,0:00:03,,,,,,,,,,,,,,,,,
83_03,0:00:06,,,,,,,,,,,,,,,,,
83_04,0:00:04,,,,,,,,,,,,,,,,,
83_05,0:00:04,,,,,,,,,,,,,,,,,
83_06,0:00:03,,,,,,,,,,,,,,,,,
83_07,0:00:03,,,,,,,,,,,,,,,,,
83_08,0:00:04,,,,,,,,,,,,,,,,,
83_09,0:00:04,,,,,,,,,,,,,,,,,
83_10,0:00:04,,,,,,,,,,,,,,,,,
83_11,0:00:01,,,,,,,,,,,,,,,,,
83_12,0:00:04,,,,,,,,,,,,,,,,,
83_13,0:00:04,,,,,,,,,,,,,,,,,
83_14,0:00:04,,,,,,,,,,,,,,,,,
83_15,0:00:04,,,,,,,,,,,,,,,,,
83_16,0:00:04,,,,,,,,,,,,,,,,,
83_17,0:00:04,,,,,,,,,,,,,,,,,
83_18,0:00:04,,,,,,,,,,,,,,,,,
83_19,0:00:04,,,,,,,,,,,,,,,,,
83_20,0:00:04,,,,,,,,,,,,,,,,,
83_21,0:00:04,,,,,,,,,,,,,,,,,
83_23,0:00:04,,,,,,,,,,,,,,,,,
83_24,0:00:04,,,,,,,,,,,,,,,,,
83_25,0:00:04,,,,,,,,,,,,,,,,,
83_26,0:00:04,,,,,,,,,,,,,,,,,
83_27,0:00:08,,,,,,,,36 - 180,,,,,,,,,
83_28,0:00:08,,,,,,,,20 - 172,,,,,,,,,up
83_29,0:00:08,,,,,,,,24 - 184,,,,,,,,,
83_30,0:00:08,,,,,,,,44 - 200,,,,,,,,,up
83_31,0:00:08,,,,,,,,16 - 176,,,,,,,,,up
83_32,0:00:09,,,,,,,,40 - 184,,,,,,,,,
83_33,0:00:11,,,,,,,,,,,,,,,,,
83_34,0:00:08,,,,,,,,32 - 180,,,,,,,,,
83_35,0:00:09,,,,,,,,36 - 192,,,,,,,,,
83_36,0:00:09,,,,,,,104 - 136,"36 - 116,136 - 196",,,,,,,,,
83_37,0:00:08,,,,,,,,"24 - 108,120 - 188",,,,,,,,,
83_38,0:00:08,,,,,,,,40 - 200,,,,,,,,,turn
83_39,0:00:08,,,,,,,,"28 - 120,128 - 192",,,,,,,,,
83_40,0:00:04,,,,,,,,,,,,,,,,,
83_41,0:00:04,,,,,,,,,,,,,,,,,
83_42,0:00:04,,,,,,,,,,,,,,,,,
83_43,0:00:05,,,,,,,,,,,,,,,,,
83_44,0:00:05,,,,,,,,,,,,,,,,,
83_45,0:00:04,,,,,,,,,,,,,,,,,
83_46,0:00:04,,,,,,,,,,,,,,,,,
83_47,0:00:05,,,,,,,,,,,,,,,,,
83_48,0:00:04,,,,,,,,,,,,,,,,,
83_49,0:00:04,,,,,,,,,,,,,,,,,
83_50,0:00:04,,,,,,,,,,,,,,,,,
83_51,0:00:05,,,,,,,,,,,,,,,,,
83_52,0:00:04,,,,,,,,,,,,,,,,,
83_53,0:00:04,,,,,,,,,,,,,,,,,
83_54,0:00:03,,,,,,,36 - 76,,,,,,,,,,
83_55,0:00:06,,,,,,,,,,,,,,,,,
83_56,0:00:04,,,,,,,40 - 84,,,,,,,,,,
83_57,0:00:03,,,,,,,16 - 68,,,,,,,,,,
83_58,0:00:03,,,,,,,2 - 73,,,,,,,,,,
83_59,0:00:05,,,,,,,48 - 108,,,,,,,,,,
83_60,0:00:03,,,,,,,12 - 56,,,,,,,,,,
83_61,0:00:04,,,,,,,32 - 80,,,,,,,,,,
83_62,0:00:04,,,,,,,28 - 93,,,,,,,,,,
83_63,0:00:06,,,,,,,,,,,,,,,,,
83_64,0:00:05,,,,,,,52 - 114,,,,,,,,,,
83_65,0:00:03,,,,,,,20 - 79,,,,,,,,,,
83_66,0:00:06,,,,,,,,,,,,,,,,,
83_67,0:00:06,,,,,,,,,,,,,,,,,
83_68,0:00:05,,,,,,,,,,,,,,,,,
84_01,0:00:04,,,,,,,,2 - 93,,,,,,,,,
84_02,0:00:02,,,,,,,,2 - 54,,,,,,,,,
84_03,0:00:03,,,,,,,,,,,28 - 77,,,,,,soccer
84_04,0:00:03,,,,,,,,1 - 24,,,24 - 61,,,,,,soccer
84_05,0:00:03,,,,,,,,,,,26 - 63,,,,,,soccer
84_06,0:00:03,,,,,,,,,,,26 - 52,,,,,,soccer
84_07,0:00:03,,,,,,34 - 60,,,,,,,,,,,
84_08,0:00:01,,,,,,2 - 34,,,,,,,,,,,
84_09,0:00:02,,,,,,,,,,,,,,,,,
84_10,0:00:03,,,,,,,,,,,,,,,,,
84_11,0:00:03,,,,,,,,,,,,,,,,,
84_12,0:00:02,,,,,,,,,,,,,,,,,
84_13,0:00:21,,,,,,,,,,,,,,,,,
84_14,0:00:04,,,,,,,,24 - 80,,,,,,,,,
84_15,0:00:04,,,,,,,,28 - 80,,,,,,,,,
84_16,0:00:04,,,,,,,,20 - 72,,,,,,,,,
84_17,0:00:04,,,,,,,,20 - 76,,,,,,,,,up
84_18,0:00:04,,,,,,,,24 - 84,,,,,,,,,
84_19,0:00:04,,,,,,,,20 - 86,,,,,,,,,
84_20,0:00:05,,,,,,,,2 - 116,,,,,,,,,
85_01,0:00:08,,,,,,,,,,,,,,,,,
85_02,0:00:07,,,,,,,,,,,,,,,,,
85_04,0:00:21,,,,,,,,,,,,,,,,,
85_05,0:00:14,,,,,,,,,,,,,,,,,
85_06,0:00:08,,,,,,,,,,,,,,,,,
85_07,0:00:08,,,,,,,,,,,,,,,,,
85_08,0:00:08,,,,,,,,,,,,,,,,,
85_09,0:00:02,,,,,,,,,,,,,,,,,
85_10,0:00:06,,,,,,,,,,,,,,,,,
85_11,0:00:15,,,,,,,,,,,,,,,,,
85_13,0:00:12,,,,,,,,,,,,,,,,,
85_14,0:00:25,,,,,,,,,,,,,,,,,
85_15,0:00:11,,,,,,,,,,,,,,,,,
87_01,0:00:05,,,,,,,76 - 108,,,,,,,,,,
87_02,0:00:03,,,,,,,,,,,,,,,,,
87_03,0:00:02,,,,,,,,,,,,,,,,,
87_04,0:00:02,,,,,,,,,,,,,,,,,
87_05,0:00:04,,,,,,,,,,,,,,,,,
88_01,0:00:02,,,,,,,,,,,,,,,,,
88_03,0:00:03,,,,,,,,,,,,,,,,,
88_04,0:00:10,,,,,,,,,,,,,,,,,
88_05,0:00:01,,,,,,,,,,,,,,,,,
88_06,0:00:02,,,,,,,26 - 44,,,,,,,,,,
88_07,0:00:01,,,,,,,,,,,,,,,,,
88_08,0:00:02,,,,,,,,,,,,,,,,,
88_09,0:00:03,,,,,,,,,,,,,,,,,
88_10,0:00:04,,,,,,,60 - 92,,,,,,,,,,
88_11,0:00:17,,,,,,,,,,,,,,,,,
89_01,0:00:19,,,,,60 - 92,148 - 168,,,,,,,,,,,weird
89_02,0:00:02,,,,,,,,,,,,,,,,,
89_03,0:00:02,,,,,,,,,,,,,,,,,
89_04,0:00:16,,,,,,,,,,,,,,,,,
90_01,0:00:07,,,,,,,,,,,,,,,,,
90_02,0:00:06,,,,,,,,,,,,,,,,,
90_03,0:00:07,,,,,,,,,,,,,,,,,
90_04,0:00:06,,,,,,,,,,,,,,,,,
90_05,0:00:04,,,,,,,,,,,24 - 101,,,,,,
90_06,0:00:05,,,,,,,,,,,,,,,,,
90_07,0:00:07,,,,,,,,,,,,,,,,,
90_08,0:00:03,,,,,,,,,,,,,,,,,
90_09,0:00:03,,,,,,,,,,,,,,,,,
90_11,0:00:01,,,,,,,,,,,,,,,,,
90_12,0:00:07,,,,,,,,,,,,,,,,,
90_13,0:00:08,,,,,,,,,,,,,,,,,
90_14,0:00:07,,,,,,,,,,,,,,,,,
90_15,0:00:10,,,,,,,,,,,,,,,,,
90_16,0:00:06,,,,,,,,,,,,,,,,,
90_17,0:00:05,,,,,,,,40 - 68,,,,,,,,,
90_18,0:00:03,,,,,,,,,,,,,,,,,
90_19,0:00:09,,,,,,,,,,,,,,,,,
90_20,0:00:15,,,,,,,,,,,,,,,,,
90_21,0:00:11,,,,,,,,,,,,,,,,,
90_22,0:00:06,,,,,,,,28 - 136,,,,,,,,,
90_23,0:00:10,,,,,,,,52 - 184,,,,,,,,,
90_24,0:00:07,,,,,,,,,,,,,,,,,
90_25,0:00:11,,,,,,,,,,,,,,,,,
90_26,0:00:12,,,,,,,,,,,,,,,,,
90_27,0:00:10,,,,,,,,,,,,,,,,,
90_28,0:00:06,,,,,,,,,,,,,,,,,
90_29,0:00:12,,,,,,,,,,,,,,,,,
90_30,0:00:12,,,,,,,,,,,,,,,,,
90_31,0:00:08,,,,,,,,,,,,,,,,,
90_32,0:00:06,,,,,,,,44 - 143,,,,,,,,,"moonwalk, backwards"
90_33,0:00:07,,,,,,,,,,,,,,,,,
90_34,0:00:07,,,,,,,,,,,,,,,,,
90_35,0:00:06,,,,,,,,,,,,,,,,,
90_36,0:00:05,,,,,,,,,,,,,,,,,
91_01,0:00:23,,,,,,,,40 - 544,,,,,,,,,
91_02,0:00:15,,,,,,,"156 - 184,296 - 320","72 - 156,208 - 296",,,,,,,,,
91_03,0:00:16,,,,,,,316 - 348,64 - 348,,,,,,,,,
91_04,0:00:18,,,,,,,,56 - 416,,,,,,,,,
91_05,0:00:22,,,,,,,"260 - 304,488 - 532","76 - 260,304 - 488",,,,,,,,,
91_06,0:00:01,,,,,,,,,,,,,,,,2 - 28,Jog
91_07,0:00:21,,,,,,,440 - 480,12 - 480,,,,,,,,,
91_10,0:00:26,,,,,,,"312 - 360,580 - 632","40 - 312,388 - 580",,,,,,,,,
91_11,0:00:15,,,,,,,"180 - 208,316 - 371","40 - 180,224 - 348",,,,,,,,,
91_12,0:00:18,,,,,,,"206 - 240,344 - 416","60 - 206,248 - 344",,,,,,,,,
91_13,0:00:25,,,,,,,"268 - 300,536 - 584","64 - 268,320 - 536",,,,,,,,,
91_14,0:00:23,,,,,,,"224 - 268,472 - 520","52 - 224,300 - 472",,,,,,,,,
91_15,0:00:26,,,,,,,"216 - 264,512 - 552","64 - 216,336 - 512",,,,,,,,,
91_16,0:00:16,,,,,,,"184 - 208,336 - 368","64 - 184,232 - 336",,,,,,,,,
91_17,0:00:13,,,,,,,"136 - 160,264 - 292","48 - 136,184 - 264",,,,,,,,,
91_19,0:00:16,,,,,,,"164 - 196,328 - 360","48 - 164,196 - 328",,,,,,,,,
91_20,0:00:23,,,,,,,"256 - 304,464 - 500","48 - 152,156 - 256,336 - 464",,,,,,,,,
91_22,0:00:18,,,,,,188 - 220,"68 - 180,220 - 348",,,,,,,,,,
91_23,0:00:22,,,,,,,"216 - 256,460 - 520","64 - 256,276 - 432",,,,,,,,,
91_25,0:00:26,,,,,,,"304 - 360,576 - 624","64 - 304,360 - 576",,,,,,,,,
91_26,0:00:17,,,,,,,"196 - 232,368 - 415","60 - 196,232 - 368",,,,,,,,,
91_27,0:00:24,,,,,,,"256 - 296,500 - 552","48 - 292,312 - 540",,,,,,,,,
91_29,0:00:18,,,,,,,"200 - 240,384 - 432","68 - 200,252 - 384",,,,,,,,,
91_30,0:00:26,,,,,,,"312 - 360,560 - 608","104 - 312,360 - 560",,,,,,,,,
91_31,0:00:17,,,,,,,"136 - 192,320 - 368","1 - 136,192 - 320",,,,,,,,,
91_33,0:00:22,,,,,,,"236 - 264,480 - 512","36 - 236,304 - 480",,,,,,,,,
91_34,0:00:18,,,,,,,"212 - 256,368 - 432","72 - 212,256 - 368",,,,,,,,,
91_35,0:00:25,,,,,,,"292 - 336,556 - 596","52 - 292,392 - 556",,,,,,,,,
91_36,0:00:07,,,,,,,,1 - 156,,,,,,,,,
91_37,0:00:03,,,,,,,,,,,,,,,,,
91_38,0:00:04,,,,,,,,,,,,,,,,,
91_39,0:00:04,,,,,,,,,,,,,,,,,
91_40,0:00:04,,,,,,,,,,,,,,,,,
91_41,0:00:04,,,,,,,,,,,,,,,,,
91_42,0:00:05,,,,,,,,,,,,,,,,,
91_43,0:00:02,,,,,,,,,,,,,,,,,
91_44,0:00:03,,,,,,,,,,,,,,,,,
91_45,0:00:03,,,,,,,,,,,,,,,,,
91_46,0:00:03,,,,,,,,,,,,,,,,,
91_47,0:00:04,,,,,,,,,,,,,,,,,
91_48,0:00:04,,,,,,,,,,,,,,,,,
91_49,0:00:04,,,,,,,,,,,,,,,,,
91_50,0:00:05,,,,,,,,,,,,,,,,,
91_51,0:00:04,,,,,,,,,,,,,,,,,
91_52,0:00:04,,,,,,,,,,,,,,,,,
91_53,0:00:05,,,,,,,56 - 100,,,,,,,,,,
91_54,0:00:06,,,,,,,56 - 128,,,,,,,,,,
91_55,0:00:04,,,,,,,28 - 92,,,,,,,,,,
91_56,0:00:04,,,,,,,42 - 84,,,,,,,,,,
91_57,0:00:10,,,,,,,184 - 234,40 - 172,,,,,,,,,
91_58,0:00:04,,,,,,,32 - 84,,,,,,,,,,
91_59,0:00:03,,,,,,,2 - 63,,,,,,,,,,
91_60,0:00:03,,,,,,,16 - 56,,,,,,,,,,
91_61,0:00:03,,,,,,,1 - 53,,,,,,,,,,
91_62,0:00:15,,,,,,,,16 - 356,,,,,,,,,
93_01,0:00:00,,,,,,,,,,,,,,,,,
93_02,0:00:12,,,,,,,,,,,,,,,,,"warming up, might be a kick"
93_03,0:00:04,,,,,,,,,,,,,,,,,
93_04,0:00:04,,,,,,,,,,,,,,,,,
93_05,0:00:05,,,,,,,,,,,,,,,,,
93_06,0:00:03,,,,,,,12 - 50,,,,,,,,,,salsa
93_07,0:00:02,,,,,,,,2 - 48,,,,,,,,,
93_08,0:00:05,,,,,,,,,,,,,,,,,
94_04,0:00:26,,,,,,,,,,,,,,,,,
94_06,0:00:21,,,,,,,,,,,,,,,,,
94_07,0:00:19,,,,,,,,,,,,,,,,,
94_08,0:00:23,,,,,,,,,,,,,,,,,
94_13,0:00:17,,,,,,,,,,,,,,,,,
94_14,0:00:25,,,,,,,,,,,,,,,,,
94_15,0:00:18,,,,,,,,,,,,,,,,,
94_16,0:00:17,,,,,,,,,,,,,,,,,
